ID,DENSITY,FLUID_ID,GASEOUS,IMAGE_FILE_PATH,INTERNAL_NAME,LOCALIZED_NAME,LUMINOSITY,MOD_ID,NBT,TEMPERATURE,UNLOCALIZED_NAME,VISCOSITY
f~AWWayofTime~lifeessence,2000,87,false,fluid/AWWayofTime/lifeessence.png,lifeessence,Life Essence,0,AWWayofTime,,295,fluid.LifeEssence,2000
f~Automagy~fluidmilk,1000,84,false,fluid/Automagy/fluidmilk.png,fluidmilk,Milk,0,Automagy,,300,fluid.fluidMilk,1050
f~Automagy~fluidmushroom,1000,85,false,fluid/Automagy/fluidmushroom.png,fluidmushroom,Mushroom Soup,0,Automagy,,300,fluid.fluidMushroom,1500
f~Automagy~fluidvishroom,1000,86,false,fluid/Automagy/fluidvishroom.png,fluidvishroom,Vishroom Soup,8,Automagy,,300,fluid.fluidVishroom,1500
f~BiomesOPlenty~hell_blood,1000,56,false,fluid/BiomesOPlenty/hell_blood.png,hell_blood,Blood,0,BiomesOPlenty,,300,fluid.hell_blood,1000
f~BiomesOPlenty~honey,1000,57,false,fluid/BiomesOPlenty/honey.png,honey,Honey,0,BiomesOPlenty,,300,fluid.honey,1500
f~BiomesOPlenty~poison,1000,55,false,fluid/BiomesOPlenty/poison.png,poison,Poison,0,BiomesOPlenty,,300,fluid.poison,1000
f~BloodArsenal~molten.blood_infused_iron,3000,1475,false,fluid/BloodArsenal/molten.blood_infused_iron.png,molten.blood_infused_iron,Molten Blood Infused Iron,0,BloodArsenal,,1400,fluid.molten.blood_infused_iron,6000
f~BuildCraftEnergy~fuel,1000,53,false,fluid/BuildCraftEnergy/fuel.png,fuel,Fuel,0,BuildCraft|Energy,,295,fluid.fuel,1000
f~BuildCraftEnergy~oil,800,52,false,fluid/BuildCraftEnergy/oil.png,oil,Oil,0,BuildCraft|Energy,,295,fluid.oil,10000
f~BuildCraftEnergy~redplasma,10000,54,false,fluid/BuildCraftEnergy/redplasma.png,redplasma,fluid.redplasma,30,BuildCraft|Energy,,300,fluid.redplasma,10000
f~EnderIO~cloud_seed,500,75,false,fluid/EnderIO/cloud_seed.png,cloud_seed,Cloud Seed,0,EnderIO,,300,fluid.cloud_seed,800
f~EnderIO~cloud_seed_concentrated,1000,76,false,fluid/EnderIO/cloud_seed_concentrated.png,cloud_seed_concentrated,Concentrated Cloud Seed,0,EnderIO,,300,fluid.cloud_seed_concentrated,1200
f~EnderIO~ender_distillation,200,77,false,fluid/EnderIO/ender_distillation.png,ender_distillation,Dew of the Void,0,EnderIO,,175,fluid.ender_distillation,1000
f~EnderIO~fire_water,900,73,false,fluid/EnderIO/fire_water.png,fire_water,Fire Water,0,EnderIO,,2600,fluid.fire_water,1000
f~EnderIO~hootch,900,71,false,fluid/EnderIO/hootch.png,hootch,Hootch,0,EnderIO,,300,fluid.hootch,1000
f~EnderIO~liquid_sunshine,200,74,false,fluid/EnderIO/liquid_sunshine.png,liquid_sunshine,Liquid Sunshine,0,EnderIO,,300,fluid.liquid_sunshine,400
f~EnderIO~nutrient_distillation,1500,70,false,fluid/EnderIO/nutrient_distillation.png,nutrient_distillation,Nutrient Distillation,0,EnderIO,,300,fluid.nutrient_distillation,3000
f~EnderIO~rocket_fuel,900,72,false,fluid/EnderIO/rocket_fuel.png,rocket_fuel,Rocket Fuel,0,EnderIO,,295,fluid.rocket_fuel,1000
f~EnderIO~vapor_of_levity,-10,78,true,fluid/EnderIO/vapor_of_levity.png,vapor_of_levity,Vapor of Levity,0,EnderIO,,5,fluid.vapor_of_levity,100
f~ExtraBees~acid,1000,88,false,fluid/ExtraBees/acid.png,acid,Acid,0,ExtraBees,,300,fluid.acid,1000
f~ExtraTrees~latex,1000,91,false,fluid/ExtraTrees/latex.png,latex,Latex,0,ExtraTrees,,300,fluid.latex,1000
f~ExtraTrees~resin,1000,90,false,fluid/ExtraTrees/resin.png,resin,Resin,0,ExtraTrees,,300,fluid.resin,1000
f~ExtraTrees~sap,1000,89,false,fluid/ExtraTrees/sap.png,sap,Sap,0,ExtraTrees,,300,fluid.sap,1000
f~ExtraTrees~turpentine,1000,92,false,fluid/ExtraTrees/turpentine.png,turpentine,Turpentine,0,ExtraTrees,,300,fluid.turpentine,1000
f~ExtraUtilities~molten.bedrockiumingots,3000,1245,false,fluid/ExtraUtilities/molten.bedrockiumingots.png,molten.bedrockiumingots,Molten Bedrockium Ingots,0,ExtraUtilities,,1300,fluid.molten.bedrockiumIngots,6000
f~ExtraUtilities~molten.unstableingots,3000,1246,false,fluid/ExtraUtilities/molten.unstableingots.png,molten.unstableingots,Molten Unstable Ingots,0,ExtraUtilities,,1300,fluid.molten.unstableIngots,6000
f~Forestry~bioethanol,790,59,false,fluid/Forestry/bioethanol.png,bioethanol,Ethanol,0,Forestry,,295,fluid.bioethanol,1000
f~Forestry~biomass,400,60,false,fluid/Forestry/biomass.png,biomass,Biomass,0,Forestry,,295,fluid.biomass,6560
f~Forestry~for.honey,1420,62,false,fluid/Forestry/for.honey.png,for.honey,Honey,0,Forestry,,295,fluid.for.honey,73600
f~Forestry~glass,2400,61,false,fluid/Forestry/glass.png,glass,Liquid Glass,0,Forestry,,1200,fluid.glass,10000
f~Forestry~ice,920,63,false,fluid/Forestry/ice.png,ice,Crushed Ice,0,Forestry,,265,fluid.ice,1000
f~Forestry~juice,1000,64,false,fluid/Forestry/juice.png,juice,Fruit Juice,0,Forestry,,295,fluid.juice,1000
f~Forestry~mead,1000,67,false,fluid/Forestry/mead.png,mead,Mead,0,Forestry,,295,fluid.mead,1200
f~Forestry~seedoil,885,65,false,fluid/Forestry/seedoil.png,seedoil,Seed Oil,0,Forestry,,295,fluid.seedoil,5000
f~Forestry~short.mead,1000,66,false,fluid/Forestry/short.mead.png,short.mead,Short Mead,0,Forestry,,295,fluid.short.mead,1200
f~GalacticraftCore~fuelgc,400,1248,false,fluid/GalacticraftCore/fuelgc.png,fuelgc,fuelgc,0,GalacticraftCore,,300,fluid.fuelgc,900
f~GalacticraftCore~oilgc,800,1247,false,fluid/GalacticraftCore/oilgc.png,oilgc,oilgc,0,GalacticraftCore,,300,fluid.oilgc,1500
f~GalacticraftMars~atmosphericgases,1,1249,true,fluid/GalacticraftMars/atmosphericgases.png,atmosphericgases,Atmospheric Gases,0,GalacticraftMars,,295,fluid.atmosphericgases,13
f~GalacticraftMars~bacterialsludge,800,1251,false,fluid/GalacticraftMars/bacterialsludge.png,bacterialsludge,Bacterial Sludge,0,GalacticraftMars,,300,fluid.bacterialsludge,1500
f~GalacticraftMars~liquidargon,900,1250,false,fluid/GalacticraftMars/liquidargon.png,liquidargon,Liquid Argon,0,GalacticraftMars,,87,fluid.liquidargon,100
f~GalaxySpace~biofuel,600,1238,false,fluid/GalaxySpace/biofuel.png,biofuel,Biofuel,0,GalaxySpace,,300,fluid.biofuel,2500
f~GalaxySpace~liquidmethane,400,1237,false,fluid/GalaxySpace/liquidmethane.png,liquidmethane,Liquid Methane,0,GalaxySpace,,300,fluid.liquidmethane,2500
f~GalaxySpace~unknowwater,400,1239,false,fluid/GalaxySpace/unknowwater.png,unknowwater,Unknown Liquid,0,GalaxySpace,,300,fluid.unknowwater,3000
f~Genetics~binnie.bacteria,1000,94,false,fluid/Genetics/binnie.bacteria.png,binnie.bacteria,Bacteria,0,Genetics,,300,fluid.binnie.bacteria,1000
f~Genetics~binnie.bacteriapoly,1000,95,false,fluid/Genetics/binnie.bacteriapoly.png,binnie.bacteriapoly,Polymerizing Bacteria,0,Genetics,,300,fluid.binnie.bacteriaPoly,1000
f~Genetics~binnie.bacteriavector,1000,97,false,fluid/Genetics/binnie.bacteriavector.png,binnie.bacteriavector,Bacteria Vector,0,Genetics,,300,fluid.binnie.bacteriaVector,1000
f~Genetics~binnie.dna.raw,1000,96,false,fluid/Genetics/binnie.dna.raw.png,binnie.dna.raw,Liquid DNA,0,Genetics,,300,fluid.binnie.dna.raw,1000
f~Genetics~binnie.growthmedium,1000,93,false,fluid/Genetics/binnie.growthmedium.png,binnie.growthmedium,Growth Medium,0,Genetics,,300,fluid.binnie.growthMedium,1000
f~GoodGenerator~combustionpromotor,1000,973,false,fluid/GoodGenerator/combustionpromotor.png,combustionpromotor,Combustion Promoter,0,GoodGenerator,,300,fluid.combustionPromotor,1000
f~GoodGenerator~fluid.coaltar,1000,974,false,fluid/GoodGenerator/fluid.coaltar.png,fluid.coaltar,Coal Tar,0,GoodGenerator,,450,fluid.fluid.coalTar,1000
f~GoodGenerator~heavilycrackedheavynaquadahfuel,1000,969,false,fluid/GoodGenerator/heavilycrackedheavynaquadahfuel.png,heavilycrackedheavynaquadahfuel,Severely Cracked Heavy Naquadah Fuel,0,GoodGenerator,,1200,fluid.heavilyCrackedHeavyNaquadahFuel,1000
f~GoodGenerator~heavilycrackedlightnaquadahfuel,1000,966,false,fluid/GoodGenerator/heavilycrackedlightnaquadahfuel.png,heavilycrackedlightnaquadahfuel,Severely Cracked Light Naquadah Fuel,0,GoodGenerator,,1200,fluid.heavilyCrackedLightNaquadahFuel,1000
f~GoodGenerator~heavilycrackednaquadahasphalt,20000,972,false,fluid/GoodGenerator/heavilycrackednaquadahasphalt.png,heavilycrackednaquadahasphalt,Severely Cracked Naquadah Asphalt,0,GoodGenerator,,1800,fluid.heavilyCrackedNaquadahAsphalt,20000
f~GoodGenerator~heavilycrackednaquadahgas,1000,963,true,fluid/GoodGenerator/heavilycrackednaquadahgas.png,heavilycrackednaquadahgas,Severely Cracked Naquadah Gas,0,GoodGenerator,,800,fluid.heavilyCrackedNaquadahGas,1000
f~GoodGenerator~lightlycrackedheavynaquadahfuel,1000,967,false,fluid/GoodGenerator/lightlycrackedheavynaquadahfuel.png,lightlycrackedheavynaquadahfuel,Lightly Cracked Heavy Naquadah Fuel,0,GoodGenerator,,1200,fluid.lightlyCrackedHeavyNaquadahFuel,1000
f~GoodGenerator~lightlycrackedlightnaquadahfuel,1000,964,false,fluid/GoodGenerator/lightlycrackedlightnaquadahfuel.png,lightlycrackedlightnaquadahfuel,Lightly Cracked Light Naquadah Fuel,0,GoodGenerator,,1200,fluid.lightlyCrackedLightNaquadahFuel,1000
f~GoodGenerator~lightlycrackednaquadahasphalt,20000,970,false,fluid/GoodGenerator/lightlycrackednaquadahasphalt.png,lightlycrackednaquadahasphalt,Lightly Cracked Naquadah Asphalt,0,GoodGenerator,,1800,fluid.lightlyCrackedNaquadahAsphalt,20000
f~GoodGenerator~lightlycrackednaquadahgas,1000,961,true,fluid/GoodGenerator/lightlycrackednaquadahgas.png,lightlycrackednaquadahgas,Lightly Cracked Naquadah Gas,0,GoodGenerator,,800,fluid.lightlyCrackedNaquadahGas,1000
f~GoodGenerator~moderatelycrackedheavynaquadahfuel,1000,968,false,fluid/GoodGenerator/moderatelycrackedheavynaquadahfuel.png,moderatelycrackedheavynaquadahfuel,Moderately Cracked Heavy Naquadah Fuel,0,GoodGenerator,,1200,fluid.moderatelyCrackedHeavyNaquadahFuel,1000
f~GoodGenerator~moderatelycrackedlightnaquadahfuel,1000,965,false,fluid/GoodGenerator/moderatelycrackedlightnaquadahfuel.png,moderatelycrackedlightnaquadahfuel,Moderately Cracked Light Naquadah Fuel,0,GoodGenerator,,1200,fluid.moderatelyCrackedLightNaquadahFuel,1000
f~GoodGenerator~moderatelycrackednaquadahasphalt,20000,971,false,fluid/GoodGenerator/moderatelycrackednaquadahasphalt.png,moderatelycrackednaquadahasphalt,Moderately Cracked Naquadah Asphalt,0,GoodGenerator,,1800,fluid.moderatelyCrackedNaquadahAsphalt,20000
f~GoodGenerator~moderatelycrackednaquadahgas,1000,962,true,fluid/GoodGenerator/moderatelycrackednaquadahgas.png,moderatelycrackednaquadahgas,Moderately Cracked Naquadah Gas,0,GoodGenerator,,800,fluid.moderatelyCrackedNaquadahGas,1000
f~GoodGenerator~supercriticalsteam,1000,975,true,fluid/GoodGenerator/supercriticalsteam.png,supercriticalsteam,Supercritical Steam,0,GoodGenerator,,648,fluid.supercriticalSteam,1000
f~HardcoreEnderExpansion~endergoo,1500,58,false,fluid/HardcoreEnderExpansion/endergoo.png,endergoo,Ender Goo,0,HardcoreEnderExpansion,,220,fluid.enderGoo,1500
f~IC2~ic2biogas,1000,9,true,fluid/IC2/ic2biogas.png,ic2biogas,Biogas,0,IC2,,300,ic2.fluidBiogas,3000
f~IC2~ic2biomass,1000,8,false,fluid/IC2/ic2biomass.png,ic2biomass,Biomass,0,IC2,,300,ic2.fluidBiomass,3000
f~IC2~ic2constructionfoam,10000,4,false,fluid/IC2/ic2constructionfoam.png,ic2constructionfoam,Construction Foam,0,IC2,,300,ic2.fluidConstructionFoam,50000
f~IC2~ic2coolant,1000,5,false,fluid/IC2/ic2coolant.png,ic2coolant,IC2 Coolant,0,IC2,,300,ic2.fluidCoolant,3000
f~IC2~ic2distilledwater,1000,10,false,fluid/IC2/ic2distilledwater.png,ic2distilledwater,Distilled Water,0,IC2,,300,ic2.fluidDistilledWater,1000
f~IC2~ic2hotcoolant,1000,6,false,fluid/IC2/ic2hotcoolant.png,ic2hotcoolant,IC2 Hot Coolant,0,IC2,,1200,ic2.fluidHotCoolant,3000
f~IC2~ic2hotwater,1000,13,false,fluid/IC2/ic2hotwater.png,ic2hotwater,Heated Water,0,IC2,,350,ic2.fluidHotWater,1000
f~IC2~ic2pahoehoelava,50000,7,false,fluid/IC2/ic2pahoehoelava.png,ic2pahoehoelava,Pahoehoe Lava,10,IC2,,1200,ic2.fluidPahoehoeLava,250000
f~IC2~ic2steam,-800,12,true,fluid/IC2/ic2steam.png,ic2steam,Steam,0,IC2,,420,ic2.fluidSteam,300
f~IC2~ic2superheatedsteam,-3000,11,true,fluid/IC2/ic2superheatedsteam.png,ic2superheatedsteam,Superheated Steam,0,IC2,,600,ic2.fluidSuperheatedSteam,100
f~IC2~ic2uumatter,3000,3,false,fluid/IC2/ic2uumatter.png,ic2uumatter,UU-Matter,0,IC2,,300,ic2.fluidUuMatter,3000
f~OpenBlocks~xpjuice,800,976,false,fluid/OpenBlocks/xpjuice.png,xpjuice,Liquid XP,10,OpenBlocks,,300,fluid.OpenBlocks.xpjuice,1500
f~Railcraft~creosote,800,68,false,fluid/Railcraft/creosote.png,creosote,Creosote Oil,0,Railcraft,,295,fluid.creosote,1500
f~Railcraft~steam,-1000,69,true,fluid/Railcraft/steam.png,steam,Steam,0,Railcraft,,375,fluid.steam,500
f~TConstruct~aluminum.molten,3000,22,false,fluid/TConstruct/aluminum.molten.png,aluminum.molten,Molten Aluminum,12,TConstruct,,1300,fluid.aluminum.molten,6000
f~TConstruct~aluminumbrass.molten,3000,26,false,fluid/TConstruct/aluminumbrass.molten.png,aluminumbrass.molten,Molten Aluminum Brass,12,TConstruct,,1300,fluid.aluminumbrass.molten,6000
f~TConstruct~alumite.molten,3000,28,false,fluid/TConstruct/alumite.molten.png,alumite.molten,Molten Obzinite,12,TConstruct,,1300,fluid.alumite.molten,6000
f~TConstruct~ardite.molten,3000,24,false,fluid/TConstruct/ardite.molten.png,ardite.molten,Molten Ardite,12,TConstruct,,1300,fluid.ardite.molten,6000
f~TConstruct~blood,3000,46,false,fluid/TConstruct/blood.png,blood,Blood,0,TConstruct,,1300,fluid.blood,6000
f~TConstruct~bronze.molten,3000,25,false,fluid/TConstruct/bronze.molten.png,bronze.molten,Molten Bronze,12,TConstruct,,1300,fluid.bronze.molten,6000
f~TConstruct~cobalt.molten,3000,23,false,fluid/TConstruct/cobalt.molten.png,cobalt.molten,Molten Cobalt,12,TConstruct,,1300,fluid.cobalt.molten,6000
f~TConstruct~copper.molten,3000,20,false,fluid/TConstruct/copper.molten.png,copper.molten,Molten Copper,12,TConstruct,,1300,fluid.copper.molten,6000
f~TConstruct~electrum.molten,3000,40,false,fluid/TConstruct/electrum.molten.png,electrum.molten,Molten Electrum,12,TConstruct,,1300,fluid.electrum.molten,6000
f~TConstruct~emerald.liquid,3000,33,false,fluid/TConstruct/emerald.liquid.png,emerald.liquid,Liquified Emerald,12,TConstruct,,1300,fluid.emerald.liquid,6000
f~TConstruct~ender,3000,41,false,fluid/TConstruct/ender.png,ender,Liquid Ender,0,TConstruct,,295,fluid.ender,6000
f~TConstruct~enderium.molten,3000,45,false,fluid/TConstruct/enderium.molten.png,enderium.molten,Molten Enderium,12,TConstruct,,1300,fluid.enderium.molten,6000
f~TConstruct~glass.molten,3000,31,false,fluid/TConstruct/glass.molten.png,glass.molten,Molten Glass,12,TConstruct,,1300,fluid.glass.molten,6000
f~TConstruct~glue,6000,47,false,fluid/TConstruct/glue.png,glue,Glue,0,TConstruct,,200,fluid.glue,6000
f~TConstruct~gold.molten,3000,19,false,fluid/TConstruct/gold.molten.png,gold.molten,Molten Gold,12,TConstruct,,1300,fluid.gold.molten,6000
f~TConstruct~invar.molten,3000,39,false,fluid/TConstruct/invar.molten.png,invar.molten,Molten Invar,12,TConstruct,,1300,fluid.invar.molten,6000
f~TConstruct~iron.molten,3000,18,false,fluid/TConstruct/iron.molten.png,iron.molten,Molten Iron,12,TConstruct,,1300,fluid.iron.molten,6000
f~TConstruct~lead.molten,3000,36,false,fluid/TConstruct/lead.molten.png,lead.molten,Molten Lead,12,TConstruct,,1300,fluid.lead.molten,6000
f~TConstruct~lumium.molten,3000,42,false,fluid/TConstruct/lumium.molten.png,lumium.molten,Molten Lumium,12,TConstruct,,1300,fluid.lumium.molten,6000
f~TConstruct~manyullyn.molten,3000,27,false,fluid/TConstruct/manyullyn.molten.png,manyullyn.molten,Molten Manyullyn,12,TConstruct,,1300,fluid.manyullyn.molten,6000
f~TConstruct~mithril.molten,3000,44,false,fluid/TConstruct/mithril.molten.png,mithril.molten,Molten Mana Infused Metal,12,TConstruct,,1300,fluid.mithril.molten,6000
f~TConstruct~nickel.molten,3000,35,false,fluid/TConstruct/nickel.molten.png,nickel.molten,Molten Nickel,12,TConstruct,,1300,fluid.nickel.molten,6000
f~TConstruct~obsidian.molten,3000,29,false,fluid/TConstruct/obsidian.molten.png,obsidian.molten,Molten Obsidian,12,TConstruct,,1300,fluid.obsidian.molten,6000
f~TConstruct~pigiron.molten,3000,48,false,fluid/TConstruct/pigiron.molten.png,pigiron.molten,Pig Iron,0,TConstruct,,1300,fluid.pigiron.molten,6000
f~TConstruct~platinum.molten,3000,38,false,fluid/TConstruct/platinum.molten.png,platinum.molten,Molten Shiny,12,TConstruct,,1300,fluid.platinum.molten,6000
f~TConstruct~quartz.molten,3000,34,false,fluid/TConstruct/quartz.molten.png,quartz.molten,Molten Nether Quartz,12,TConstruct,,1300,fluid.quartz.molten,6000
f~TConstruct~signalum.molten,3000,43,false,fluid/TConstruct/signalum.molten.png,signalum.molten,Molten Signalum,12,TConstruct,,1300,fluid.signalum.molten,6000
f~TConstruct~silver.molten,3000,37,false,fluid/TConstruct/silver.molten.png,silver.molten,Molten Silver,12,TConstruct,,1300,fluid.silver.molten,6000
f~TConstruct~slime.blue,1000,17,false,fluid/TConstruct/slime.blue.png,slime.blue,Liquid Blueslime,0,TConstruct,,300,fluid.slime.blue,1000
f~TConstruct~steel.molten,3000,30,false,fluid/TConstruct/steel.molten.png,steel.molten,Molten Steel,12,TConstruct,,1300,fluid.steel.molten,6000
f~TConstruct~stone.seared,3000,32,false,fluid/TConstruct/stone.seared.png,stone.seared,Seared Stone,12,TConstruct,,1300,fluid.stone.seared,6000
f~TConstruct~tin.molten,3000,21,false,fluid/TConstruct/tin.molten.png,tin.molten,Molten Tin,12,TConstruct,,1300,fluid.tin.molten,6000
f~Thaumcraft~fluiddeath,1000,16,false,fluid/Thaumcraft/fluiddeath.png,fluiddeath,Liquid Death,8,Thaumcraft,,300,fluid.fluidDeath,1500
f~Thaumcraft~fluidpure,1000,15,false,fluid/Thaumcraft/fluidpure.png,fluidpure,Purifying Fluid,10,Thaumcraft,,300,fluid.fluidPure,1000
f~Thaumcraft~fluxgoo,8,14,false,fluid/Thaumcraft/fluxgoo.png,fluxgoo,Flux Goo,7,Thaumcraft,,300,fluid.fluxGoo,6000
f~ToxicEverglades~sludge,1800,1240,false,fluid/ToxicEverglades/sludge.png,sludge,sludge,2,ToxicEverglades,,300,fluid.sludge,25000
f~adventurebackpack~melonjuice,1000,50,false,fluid/adventurebackpack/melonjuice.png,melonjuice,Melon Juice,0,adventurebackpack,,300,fluid.melonJuice,1000
f~adventurebackpack~milk,1200,49,false,fluid/adventurebackpack/milk.png,milk,Milk,0,adventurebackpack,,290,fluid.milk,1200
f~adventurebackpack~mushroomstew,1200,51,false,fluid/adventurebackpack/mushroomstew.png,mushroomstew,fluid.mushroomStew,0,adventurebackpack,,300,fluid.mushroomStew,1200
"f~bartworks~1,4-butanediol",1000,1406,false,"fluid/bartworks/1,4-butanediol.png","1,4-butanediol","1,4-Butanediol",0,bartworks,,300,"fluid.1,4-butanediol",1000
f~bartworks~2-ethyl-1-hexanol,1000,1344,false,fluid/bartworks/2-ethyl-1-hexanol.png,2-ethyl-1-hexanol,2-Ethyl-1-Hexanol,0,bartworks,,300,fluid.2-ethyl-1-hexanol,1000
f~bartworks~acid naquadah emulsion,1000,1326,false,fluid/bartworks/acid naquadah emulsion.png,acid naquadah emulsion,Acid Naquadah Emulsion,0,bartworks,,300,fluid.acid naquadah emulsion,1000
f~bartworks~acidic iridium solution,1000,1287,false,fluid/bartworks/acidic iridium solution.png,acidic iridium solution,Acidic Iridium Solution,0,bartworks,,300,fluid.acidic iridium solution,1000
f~bartworks~acidic osmium solution,1000,1285,false,fluid/bartworks/acidic osmium solution.png,acidic osmium solution,Acidic Osmium Solution,0,bartworks,,300,fluid.acidic osmium solution,1000
f~bartworks~ammonium chloride,1000,1274,false,fluid/bartworks/ammonium chloride.png,ammonium chloride,Ammonium Chloride,0,bartworks,,300,fluid.ammonium chloride,1000
f~bartworks~ammonium nitrate solution,1000,1392,false,fluid/bartworks/ammonium nitrate solution.png,ammonium nitrate solution,Ammonium Nitrate Solution,0,bartworks,,300,fluid.ammonium nitrate solution,1000
f~bartworks~antimony pentachloride,1000,1323,false,fluid/bartworks/antimony pentachloride.png,antimony pentachloride,Antimony Pentachloride,0,bartworks,,300,fluid.antimony pentachloride,1000
f~bartworks~antimony pentachloride solution,1000,1322,false,fluid/bartworks/antimony pentachloride solution.png,antimony pentachloride solution,Antimony Pentachloride Solution,0,bartworks,,300,fluid.antimony pentachloride solution,1000
f~bartworks~antimony pentafluoride,1000,1324,false,fluid/bartworks/antimony pentafluoride.png,antimony pentafluoride,Antimony Pentafluoride,0,bartworks,,300,fluid.antimony pentafluoride,1000
f~bartworks~antimony pentafluoride solution,1000,1379,false,fluid/bartworks/antimony pentafluoride solution.png,antimony pentafluoride solution,Antimony Pentafluoride Solution,0,bartworks,,300,fluid.antimony pentafluoride solution,1000
f~bartworks~antimony trichloride solution,1000,1321,false,fluid/bartworks/antimony trichloride solution.png,antimony trichloride solution,Antimony Trichloride Solution,0,bartworks,,300,fluid.antimony trichloride solution,1000
f~bartworks~aqua regia,1000,1273,false,fluid/bartworks/aqua regia.png,aqua regia,Aqua Regia,0,bartworks,,300,fluid.aqua regia,1000
f~bartworks~barnadafisarboriatorisfluid,1000,1266,false,fluid/bartworks/barnadafisarboriatorisfluid.png,barnadafisarboriatorisfluid,Barnadafis Arboriatoris Fluid,0,bartworks,,300,fluid.barnadafisarboriatorisfluid,1000
f~bartworks~bastnasite rarer earth oxide suspension,1000,1404,false,fluid/bartworks/bastnasite rarer earth oxide suspension.png,bastnasite rarer earth oxide suspension,Bastnasite Rarer Earth Oxide Suspension,0,bartworks,,300,fluid.bastnasite rarer earth oxide suspension,1000
f~bartworks~binnibacteriafluid,1000,1268,false,fluid/bartworks/binnibacteriafluid.png,binnibacteriafluid,Binni Bacteria Fluid,0,bartworks,,300,fluid.binnibacteriafluid,1000
f~bartworks~boron trichloride,1000,1464,false,fluid/bartworks/boron trichloride.png,boron trichloride,Boron Trichloride,0,bartworks,,300,fluid.boron trichloride,1000
f~bartworks~calcium chloride,1000,1281,false,fluid/bartworks/calcium chloride.png,calcium chloride,Calcium Chloride,0,bartworks,,300,fluid.calcium chloride,1000
f~bartworks~calcium fluoride,1000,1405,false,fluid/bartworks/calcium fluoride.png,calcium fluoride,Calcium Fluoride,0,bartworks,,300,fluid.calcium fluoride,1000
f~bartworks~cerium chloride concentrate,1000,1448,false,fluid/bartworks/cerium chloride concentrate.png,cerium chloride concentrate,Cerium Chloride Concentrate,0,bartworks,,300,fluid.cerium chloride concentrate,1000
f~bartworks~cerium extracting nano resin,1000,1422,false,fluid/bartworks/cerium extracting nano resin.png,cerium extracting nano resin,Cerium Extracting Nano Resin,0,bartworks,,300,fluid.cerium extracting nano resin,1000
f~bartworks~chlorinated rare earth concentrate,1000,1415,false,fluid/bartworks/chlorinated rare earth concentrate.png,chlorinated rare earth concentrate,Chlorinated Rare Earth Concentrate,0,bartworks,,300,fluid.chlorinated rare earth concentrate,1000
f~bartworks~chlorinated rare earth diluted solution,1000,1417,false,fluid/bartworks/chlorinated rare earth diluted solution.png,chlorinated rare earth diluted solution,Chlorinated Rare Earth Diluted Solution,0,bartworks,,300,fluid.chlorinated rare earth diluted solution,1000
f~bartworks~chlorinated rare earth enriched solution,1000,1416,false,fluid/bartworks/chlorinated rare earth enriched solution.png,chlorinated rare earth enriched solution,Chlorinated Rare Earth Enriched Solution,0,bartworks,,300,fluid.chlorinated rare earth enriched solution,1000
f~bartworks~conditioned bastnasite mud,1000,1400,false,fluid/bartworks/conditioned bastnasite mud.png,conditioned bastnasite mud,Conditioned Bastnasite Mud,0,bartworks,,300,fluid.conditioned bastnasite mud,1000
f~bartworks~cyclopentadiene,1000,1361,false,fluid/bartworks/cyclopentadiene.png,cyclopentadiene,Cyclopentadiene,0,bartworks,,300,fluid.cyclopentadiene,1000
f~bartworks~diaminotoluene,1000,1408,false,fluid/bartworks/diaminotoluene.png,diaminotoluene,Diaminotoluene,0,bartworks,,300,fluid.diaminotoluene,1000
f~bartworks~diethylamine,1000,1363,false,fluid/bartworks/diethylamine.png,diethylamine,Diethylamine,0,bartworks,,300,fluid.diethylamine,1000
f~bartworks~diluted acetone,1000,1410,false,fluid/bartworks/diluted acetone.png,diluted acetone,Diluted Acetone,0,bartworks,,300,fluid.diluted acetone,1000
f~bartworks~diluted bastnasite mud,1000,1401,false,fluid/bartworks/diluted bastnasite mud.png,diluted bastnasite mud,Diluted Bastnasite Mud,0,bartworks,,300,fluid.diluted bastnasite mud,1000
f~bartworks~diluted monazite rare earth mud,1000,1388,false,fluid/bartworks/diluted monazite rare earth mud.png,diluted monazite rare earth mud,Diluted Monazite Rare Earth Mud,0,bartworks,,300,fluid.diluted monazite rare earth mud,1000
f~bartworks~diluted monazite sulfate,1000,1389,false,fluid/bartworks/diluted monazite sulfate.png,diluted monazite sulfate,Diluted Monazite Sulfate,0,bartworks,,300,fluid.diluted monazite sulfate,1000
f~bartworks~diluted samarium rare earth solution,1000,1413,false,fluid/bartworks/diluted samarium rare earth solution.png,diluted samarium rare earth solution,Diluted Samarium Rare Earth Solution,0,bartworks,,300,fluid.diluted samarium rare earth solution,1000
f~bartworks~dinitrotoluene,1000,1407,false,fluid/bartworks/dinitrotoluene.png,dinitrotoluene,Dinitrotoluene,0,bartworks,,300,fluid.dinitrotoluene,1000
f~bartworks~dysprosium chloride concentrate,1000,1455,false,fluid/bartworks/dysprosium chloride concentrate.png,dysprosium chloride concentrate,Dysprosium Chloride Concentrate,0,bartworks,,300,fluid.dysprosium chloride concentrate,1000
f~bartworks~dysprosium extracting nano resin,1000,1434,false,fluid/bartworks/dysprosium extracting nano resin.png,dysprosium extracting nano resin,Dysprosium Extracting Nano Resin,0,bartworks,,300,fluid.dysprosium extracting nano resin,1000
f~bartworks~enriched naquadah goo,1000,1354,false,fluid/bartworks/enriched naquadah goo.png,enriched naquadah goo,Enriched Naquadah Goo,0,bartworks,,300,fluid.enriched naquadah goo,1000
f~bartworks~enriched-naquadah-rich solution,1000,1350,false,fluid/bartworks/enriched-naquadah-rich solution.png,enriched-naquadah-rich solution,Enriched-Naquadah-Rich Solution,0,bartworks,,300,fluid.enriched-naquadah-rich solution,1000
f~bartworks~enzymessollution,1000,1257,false,fluid/bartworks/enzymessollution.png,enzymessollution,Enzyme Solution,0,bartworks,,300,fluid.enzymessollution,1000
f~bartworks~erbium chloride concentrate,1000,1457,false,fluid/bartworks/erbium chloride concentrate.png,erbium chloride concentrate,Erbium Chloride Concentrate,0,bartworks,,300,fluid.erbium chloride concentrate,1000
f~bartworks~erbium extracting nano resin,1000,1438,false,fluid/bartworks/erbium extracting nano resin.png,erbium extracting nano resin,Erbium Extracting Nano Resin,0,bartworks,,300,fluid.erbium extracting nano resin,1000
f~bartworks~escherichiakolifluid,1000,1263,false,fluid/bartworks/escherichiakolifluid.png,escherichiakolifluid,eColi Bacteria Fluid,0,bartworks,,300,fluid.escherichiakolifluid,1000
f~bartworks~ethanol gasoline,1000,1360,false,fluid/bartworks/ethanol gasoline.png,ethanol gasoline,Ethanol Gasoline,0,bartworks,,300,fluid.ethanol gasoline,1000
f~bartworks~ether,1000,1320,false,fluid/bartworks/ether.png,ether,Ether,0,bartworks,,300,fluid.ether,1000
f~bartworks~europium chloride concentrate,1000,1452,false,fluid/bartworks/europium chloride concentrate.png,europium chloride concentrate,Europium Chloride Concentrate,0,bartworks,,300,fluid.europium chloride concentrate,1000
f~bartworks~europium extracting nano resin,1000,1428,false,fluid/bartworks/europium extracting nano resin.png,europium extracting nano resin,Europium Extracting Nano Resin,0,bartworks,,300,fluid.europium extracting nano resin,1000
f~bartworks~ferrocene solution,1000,1365,false,fluid/bartworks/ferrocene solution.png,ferrocene solution,Ferrocene Solution,0,bartworks,,300,fluid.ferrocene solution,1000
f~bartworks~ferrocene waste,1000,1366,false,fluid/bartworks/ferrocene waste.png,ferrocene waste,Ferrocene Waste,0,bartworks,,300,fluid.ferrocene waste,1000
f~bartworks~filled cerium extracting nano resin,1000,1423,false,fluid/bartworks/filled cerium extracting nano resin.png,filled cerium extracting nano resin,Filled Cerium Extracting Nano Resin,0,bartworks,,300,fluid.filled cerium extracting nano resin,1000
f~bartworks~filled dysprosium extracting nano resin,1000,1435,false,fluid/bartworks/filled dysprosium extracting nano resin.png,filled dysprosium extracting nano resin,Filled Dysprosium Extracting Nano Resin,0,bartworks,,300,fluid.filled dysprosium extracting nano resin,1000
f~bartworks~filled erbium extracting nano resin,1000,1439,false,fluid/bartworks/filled erbium extracting nano resin.png,filled erbium extracting nano resin,Filled Erbium Extracting Nano Resin,0,bartworks,,300,fluid.filled erbium extracting nano resin,1000
f~bartworks~filled europium extracting nano resin,1000,1429,false,fluid/bartworks/filled europium extracting nano resin.png,filled europium extracting nano resin,Filled Europium Extracting Nano Resin,0,bartworks,,300,fluid.filled europium extracting nano resin,1000
f~bartworks~filled gadolinium extracting nano resin,1000,1431,false,fluid/bartworks/filled gadolinium extracting nano resin.png,filled gadolinium extracting nano resin,Filled Gadolinium Extracting Nano Resin,0,bartworks,,300,fluid.filled gadolinium extracting nano resin,1000
f~bartworks~filled holmium extracting nano resin,1000,1437,false,fluid/bartworks/filled holmium extracting nano resin.png,filled holmium extracting nano resin,Filled Holmium Extracting Nano Resin,0,bartworks,,300,fluid.filled holmium extracting nano resin,1000
f~bartworks~filled lanthanum extracting nano resin,1000,1419,false,fluid/bartworks/filled lanthanum extracting nano resin.png,filled lanthanum extracting nano resin,Filled Lanthanum Extracting Nano Resin,0,bartworks,,300,fluid.filled lanthanum extracting nano resin,1000
f~bartworks~filled lutetium extracting nano resin,1000,1445,false,fluid/bartworks/filled lutetium extracting nano resin.png,filled lutetium extracting nano resin,Filled Lutetium Extracting Nano Resin,0,bartworks,,300,fluid.filled lutetium extracting nano resin,1000
f~bartworks~filled neodymium extracting nano resin,1000,1425,false,fluid/bartworks/filled neodymium extracting nano resin.png,filled neodymium extracting nano resin,Filled Neodymium Extracting Nano Resin,0,bartworks,,300,fluid.filled neodymium extracting nano resin,1000
f~bartworks~filled praseodymium extracting nano resin,1000,1421,false,fluid/bartworks/filled praseodymium extracting nano resin.png,filled praseodymium extracting nano resin,Filled Praseodymium Extracting Nano Resin,0,bartworks,,300,fluid.filled praseodymium extracting nano resin,1000
f~bartworks~filled samarium extracting nano resin,1000,1427,false,fluid/bartworks/filled samarium extracting nano resin.png,filled samarium extracting nano resin,Filled Samarium Extracting Nano Resin,0,bartworks,,300,fluid.filled samarium extracting nano resin,1000
f~bartworks~filled terbium extracting nano resin,1000,1433,false,fluid/bartworks/filled terbium extracting nano resin.png,filled terbium extracting nano resin,Filled Terbium Extracting Nano Resin,0,bartworks,,300,fluid.filled terbium extracting nano resin,1000
f~bartworks~filled thulium extracting nano resin,1000,1441,false,fluid/bartworks/filled thulium extracting nano resin.png,filled thulium extracting nano resin,Filled Thulium Extracting Nano Resin,0,bartworks,,300,fluid.filled thulium extracting nano resin,1000
f~bartworks~filled ytterbium extracting nano resin,1000,1443,false,fluid/bartworks/filled ytterbium extracting nano resin.png,filled ytterbium extracting nano resin,Filled Ytterbium Extracting Nano Resin,0,bartworks,,300,fluid.filled ytterbium extracting nano resin,1000
f~bartworks~filtered bastnasite mud,1000,1402,false,fluid/bartworks/filtered bastnasite mud.png,filtered bastnasite mud,Filtered Bastnasite Mud,0,bartworks,,300,fluid.filtered bastnasite mud,1000
f~bartworks~fluorecentddna,1000,1256,false,fluid/bartworks/fluorecentddna.png,fluorecentddna,Fluorescent DNA,0,bartworks,,300,fluid.fluorecentddna,1000
f~bartworks~fluorine-rich waste liquid,1000,1348,false,fluid/bartworks/fluorine-rich waste liquid.png,fluorine-rich waste liquid,Fluorine-Rich Waste Liquid,0,bartworks,,300,fluid.fluorine-rich waste liquid,1000
f~bartworks~fluoroantimonic acid,1000,1325,false,fluid/bartworks/fluoroantimonic acid.png,fluoroantimonic acid,Fluoroantimonic Acid,0,bartworks,,300,fluid.fluoroantimonic acid,1000
f~bartworks~fluoroform,1000,1462,false,fluid/bartworks/fluoroform.png,fluoroform,Fluoroform,0,bartworks,,300,fluid.fluoroform,1000
f~bartworks~formic acid,1000,1277,false,fluid/bartworks/formic acid.png,formic acid,Formic Acid,0,bartworks,,300,fluid.formic acid,1000
f~bartworks~fulvic acid,1000,1253,false,fluid/bartworks/fulvic acid.png,fulvic acid,Fulvic Acid,0,bartworks,,300,fluid.fulvic acid,1000
f~bartworks~gadolinium chloride concentrate,1000,1453,false,fluid/bartworks/gadolinium chloride concentrate.png,gadolinium chloride concentrate,Gadolinium Chloride Concentrate,0,bartworks,,300,fluid.gadolinium chloride concentrate,1000
f~bartworks~gadolinium extracting nano resin,1000,1430,false,fluid/bartworks/gadolinium extracting nano resin.png,gadolinium extracting nano resin,Gadolinium Extracting Nano Resin,0,bartworks,,300,fluid.gadolinium extracting nano resin,1000
f~bartworks~hafnium tetrachloride solution,1000,1384,false,fluid/bartworks/hafnium tetrachloride solution.png,hafnium tetrachloride solution,Hafnium Tetrachloride Solution,0,bartworks,,300,fluid.hafnium tetrachloride solution,1000
f~bartworks~heated fulvic acid,1000,1254,false,fluid/bartworks/heated fulvic acid.png,heated fulvic acid,Heated Fulvic Acid,0,bartworks,,720,fluid.heated fulvic acid,1000
f~bartworks~heavy naquadah fuel,1000,1317,false,fluid/bartworks/heavy naquadah fuel.png,heavy naquadah fuel,Heavy Naquadah Fuel,0,bartworks,,300,fluid.heavy naquadah fuel,1000
f~bartworks~hexafluorosilicic acid,1000,1294,false,fluid/bartworks/hexafluorosilicic acid.png,hexafluorosilicic acid,Hexafluorosilicic Acid,0,bartworks,,300,fluid.hexafluorosilicic acid,1000
f~bartworks~holmium chloride concentrate,1000,1456,false,fluid/bartworks/holmium chloride concentrate.png,holmium chloride concentrate,Holmium Chloride Concentrate,0,bartworks,,300,fluid.holmium chloride concentrate,1000
f~bartworks~holmium extracting nano resin,1000,1436,false,fluid/bartworks/holmium extracting nano resin.png,holmium extracting nano resin,Holmium Extracting Nano Resin,0,bartworks,,300,fluid.holmium extracting nano resin,1000
f~bartworks~hot ruthenium tetroxide solution,1000,1283,false,fluid/bartworks/hot ruthenium tetroxide solution.png,hot ruthenium tetroxide solution,Hot Ruthenium Tetroxide Solution,0,bartworks,,700,fluid.hot ruthenium tetroxide solution,1000
f~bartworks~hot super coolant,1000,1466,false,fluid/bartworks/hot super coolant.png,hot super coolant,Hot Super Coolant,0,bartworks,,300,fluid.hot super coolant,1000
f~bartworks~impure ferrocene mixture,1000,1364,false,fluid/bartworks/impure ferrocene mixture.png,impure ferrocene mixture,Impure Ferrocene Mixture,0,bartworks,,300,fluid.impure ferrocene mixture,1000
f~bartworks~iodine,-100,1386,true,fluid/bartworks/iodine.png,iodine,Iodine,0,bartworks,,484,fluid.iodine,200
f~bartworks~iron ii chloride,1000,1362,false,fluid/bartworks/iron ii chloride.png,iron ii chloride,Iron II Chloride,0,bartworks,,300,fluid.iron ii chloride,1000
f~bartworks~jet fuel a,1000,1368,false,fluid/bartworks/jet fuel a.png,jet fuel a,Jet Fuel A,0,bartworks,,300,fluid.jet fuel a,1000
f~bartworks~jet fuel no.3,1000,1367,false,fluid/bartworks/jet fuel no.3.png,jet fuel no.3,Jet Fuel No.3,0,bartworks,,300,fluid.jet fuel no.3,1000
f~bartworks~kerogen,1000,1255,false,fluid/bartworks/kerogen.png,kerogen,Kerogen,0,bartworks,,300,fluid.kerogen,1000
f~bartworks~lanthanum chloride concentrate,1000,1446,false,fluid/bartworks/lanthanum chloride concentrate.png,lanthanum chloride concentrate,Lanthanum Chloride Concentrate,0,bartworks,,300,fluid.lanthanum chloride concentrate,1000
f~bartworks~lanthanum extracting nano resin,1000,1418,false,fluid/bartworks/lanthanum extracting nano resin.png,lanthanum extracting nano resin,Lanthanum Extracting Nano Resin,0,bartworks,,300,fluid.lanthanum extracting nano resin,1000
f~bartworks~light naquadah fuel,1000,1316,false,fluid/bartworks/light naquadah fuel.png,light naquadah fuel,Light Naquadah Fuel,0,bartworks,,300,fluid.light naquadah fuel,1000
f~bartworks~liquid helium,1000,1296,false,fluid/bartworks/liquid helium.png,liquid helium,Liquid Helium,0,bartworks,,4,fluid.liquid helium,1000
f~bartworks~low quality naquadah emulsion,1000,1342,false,fluid/bartworks/low quality naquadah emulsion.png,low quality naquadah emulsion,Low Quality Naquadah Emulsion,0,bartworks,,300,fluid.low quality naquadah emulsion,1000
f~bartworks~low quality naquadah solution,1000,1343,false,fluid/bartworks/low quality naquadah solution.png,low quality naquadah solution,Low Quality Naquadah Solution,0,bartworks,,300,fluid.low quality naquadah solution,1000
f~bartworks~low quality naquadria sulphate,1000,1352,false,fluid/bartworks/low quality naquadria sulphate.png,low quality naquadria sulphate,Low Quality Naquadria Sulphate,0,bartworks,,300,fluid.low quality naquadria sulphate,1000
f~bartworks~lutetium chloride concentrate,1000,1460,false,fluid/bartworks/lutetium chloride concentrate.png,lutetium chloride concentrate,Lutetium Chloride Concentrate,0,bartworks,,300,fluid.lutetium chloride concentrate,1000
f~bartworks~lutetium extracting nano resin,1000,1444,false,fluid/bartworks/lutetium extracting nano resin.png,lutetium extracting nano resin,Lutetium Extracting Nano Resin,0,bartworks,,300,fluid.lutetium extracting nano resin,1000
f~bartworks~molten.adamantium alloy,1000,1359,false,fluid/bartworks/molten.adamantium alloy.png,molten.adamantium alloy,Molten Adamantium Alloy,15,bartworks,,5500,fluid.molten.adamantium alloy,1000
f~bartworks~molten.ademic steel,1000,1293,false,fluid/bartworks/molten.ademic steel.png,molten.ademic steel,Molten Ademic Steel,5,bartworks,,1800,fluid.molten.ademic steel,1000
f~bartworks~molten.artherium-sn,1000,1374,false,fluid/bartworks/molten.artherium-sn.png,molten.artherium-sn,Molten Artherium-Sn,15,bartworks,,6500,fluid.molten.artherium-sn,1000
f~bartworks~molten.atomic separation catalyst,1000,1314,false,fluid/bartworks/molten.atomic separation catalyst.png,molten.atomic separation catalyst,Molten Atomic Separation Catalyst,15,bartworks,,5000,fluid.molten.atomic separation catalyst,1000
f~bartworks~molten.bartimaeusnek,1000,1271,false,fluid/bartworks/molten.bartimaeusnek.png,molten.bartimaeusnek,Molten BArTiMaEuSNeK,15,bartworks,,9001,fluid.molten.bartimaeusnek,1000
f~bartworks~molten.calcium,1000,1270,false,fluid/bartworks/molten.calcium.png,molten.calcium,Molten Calcium,1,bartworks,,1115,fluid.molten.calcium,1000
f~bartworks~molten.cerium-doped lutetium aluminium oxygen blend,1000,1461,false,fluid/bartworks/molten.cerium-doped lutetium aluminium oxygen blend.png,molten.cerium-doped lutetium aluminium oxygen blend,Molten Cerium-doped Lutetium Aluminium Oxygen Blend,1,bartworks,,1123,fluid.molten.cerium-doped lutetium aluminium oxygen blend,1000
f~bartworks~molten.dalisenite,1000,1376,false,fluid/bartworks/molten.dalisenite.png,molten.dalisenite,Molten Dalisenite,15,bartworks,,8700,fluid.molten.dalisenite,1000
f~bartworks~molten.enriched naquadah alloy,1000,1381,false,fluid/bartworks/molten.enriched naquadah alloy.png,molten.enriched naquadah alloy,Molten Enriched Naquadah Alloy,15,bartworks,,11000,fluid.molten.enriched naquadah alloy,1000
f~bartworks~molten.extremely unstable naquadah,1000,1315,false,fluid/bartworks/molten.extremely unstable naquadah.png,molten.extremely unstable naquadah,Molten Extremely Unstable Naquadah,15,bartworks,,7000,fluid.molten.extremely unstable naquadah,1000
f~bartworks~molten.high durability compound steel,1000,1292,false,fluid/bartworks/molten.high durability compound steel.png,molten.high durability compound steel,Molten High Durability Compound Steel,15,bartworks,,9000,fluid.molten.high durability compound steel,1000
f~bartworks~molten.hikarium,1000,1377,false,fluid/bartworks/molten.hikarium.png,molten.hikarium,Molten Hikarium,15,bartworks,,5400,fluid.molten.hikarium,1000
f~bartworks~molten.incoloy-903,1000,1358,false,fluid/bartworks/molten.incoloy-903.png,molten.incoloy-903,Molten Incoloy-903,15,bartworks,,3700,fluid.molten.incoloy-903,1000
f~bartworks~molten.lithium chloride,1000,1371,false,fluid/bartworks/molten.lithium chloride.png,molten.lithium chloride,Molten Lithium Chloride,1,bartworks,,1123,fluid.molten.lithium chloride,1000
f~bartworks~molten.lumiium,1000,1373,false,fluid/bartworks/molten.lumiium.png,molten.lumiium,Molten Lumiium,15,bartworks,,4000,fluid.molten.lumiium,1000
f~bartworks~molten.magnesia,1000,1298,false,fluid/bartworks/molten.magnesia.png,molten.magnesia,Molten Magnesia,0,bartworks,,488,fluid.molten.magnesia,1000
f~bartworks~molten.mar-ce-m200 steel,1000,1370,false,fluid/bartworks/molten.mar-ce-m200 steel.png,molten.mar-ce-m200 steel,Molten MAR-Ce-M200 Steel,15,bartworks,,5000,fluid.molten.mar-ce-m200 steel,1000
f~bartworks~molten.mar-m200 steel,1000,1369,false,fluid/bartworks/molten.mar-m200 steel.png,molten.mar-m200 steel,Molten MAR-M200 Steel,15,bartworks,,5000,fluid.molten.mar-m200 steel,1000
f~bartworks~molten.metastable oganesson,1000,1382,false,fluid/bartworks/molten.metastable oganesson.png,molten.metastable oganesson,Molten Metastable Oganesson,15,bartworks,,11000,fluid.molten.metastable oganesson,1000
f~bartworks~molten.orundum,1000,1313,false,fluid/bartworks/molten.orundum.png,molten.orundum,Molten Orundum,1,bartworks,,1123,fluid.molten.orundum,1000
f~bartworks~molten.potassium chlorate,1000,1409,false,fluid/bartworks/molten.potassium chlorate.png,molten.potassium chlorate,Molten Potassium Chlorate,1,bartworks,,1123,fluid.molten.potassium chlorate,1000
f~bartworks~molten.potassium disulfate,1000,1278,false,fluid/bartworks/molten.potassium disulfate.png,molten.potassium disulfate,Molten Potassium Disulfate,1,bartworks,,1123,fluid.molten.potassium disulfate,1000
f~bartworks~molten.precious metals alloy,1000,1380,false,fluid/bartworks/molten.precious metals alloy.png,molten.precious metals alloy,Molten Precious Metals Alloy,15,bartworks,,10000,fluid.molten.precious metals alloy,1000
f~bartworks~molten.rhodium-plated palladium,1000,1290,false,fluid/bartworks/molten.rhodium-plated palladium.png,molten.rhodium-plated palladium,Molten Rhodium-Plated Palladium,15,bartworks,,4500,fluid.molten.rhodium-plated palladium,1000
f~bartworks~molten.ruridit,1000,1291,false,fluid/bartworks/molten.ruridit.png,molten.ruridit,Molten Ruridit,15,bartworks,,4500,fluid.molten.ruridit,1000
f~bartworks~molten.samarium(iii)-chloride,1000,1414,false,fluid/bartworks/molten.samarium(iii)-chloride.png,molten.samarium(iii)-chloride,Molten Samarium(III)-Chloride,1,bartworks,,1123,fluid.molten.samarium(iii)-chloride,1000
f~bartworks~molten.shirabon,1000,1383,false,fluid/bartworks/molten.shirabon.png,molten.shirabon,Molten Shirabon,15,bartworks,,13000,fluid.molten.shirabon,1000
f~bartworks~molten.signalium,1000,1372,false,fluid/bartworks/molten.signalium.png,molten.signalium,Molten Signalium,15,bartworks,,4000,fluid.molten.signalium,1000
f~bartworks~molten.tairitsu,1000,1378,false,fluid/bartworks/molten.tairitsu.png,molten.tairitsu,Molten Tairitsu,15,bartworks,,7400,fluid.molten.tairitsu,1000
f~bartworks~molten.tanmolyium beta-c,1000,1375,false,fluid/bartworks/molten.tanmolyium beta-c.png,molten.tanmolyium beta-c,Molten Tanmolyium Beta-C,15,bartworks,,5300,fluid.molten.tanmolyium beta-c,1000
f~bartworks~molten.tantalum hafnium carbide,1000,1297,false,fluid/bartworks/molten.tantalum hafnium carbide.png,molten.tantalum hafnium carbide,Molten Tantalum Hafnium Carbide,15,bartworks,,4263,fluid.molten.tantalum hafnium carbide,1000
f~bartworks~molten.zircaloy-2,1000,1357,false,fluid/bartworks/molten.zircaloy-2.png,molten.zircaloy-2,Molten Zircaloy-2,11,bartworks,,2800,fluid.molten.zircaloy-2,1000
f~bartworks~molten.zircaloy-4,1000,1356,false,fluid/bartworks/molten.zircaloy-4.png,molten.zircaloy-4,Molten Zircaloy-4,11,bartworks,,2800,fluid.molten.zircaloy-4,1000
f~bartworks~molten.zn-th alloy,1000,1341,false,fluid/bartworks/molten.zn-th alloy.png,molten.zn-th alloy,Molten Zn-Th Alloy,1,bartworks,,1123,fluid.molten.zn-th alloy,1000
f~bartworks~muddy bastnasite rare earth solution,1000,1397,false,fluid/bartworks/muddy bastnasite rare earth solution.png,muddy bastnasite rare earth solution,Muddy Bastnasite Rare Earth Solution,0,bartworks,,300,fluid.muddy bastnasite rare earth solution,1000
f~bartworks~muddy monazite rare earth solution,1000,1387,false,fluid/bartworks/muddy monazite rare earth solution.png,muddy monazite rare earth solution,Muddy Monazite Rare Earth Solution,0,bartworks,,300,fluid.muddy monazite rare earth solution,1000
f~bartworks~muddy samarium rare earth solution,1000,1411,false,fluid/bartworks/muddy samarium rare earth solution.png,muddy samarium rare earth solution,Muddy Samarium Rare Earth Solution,0,bartworks,,300,fluid.muddy samarium rare earth solution,1000
f~bartworks~naquadah asphalt,1000,1319,false,fluid/bartworks/naquadah asphalt.png,naquadah asphalt,Naquadah Asphalt,0,bartworks,,300,fluid.naquadah asphalt,1000
f~bartworks~naquadah based liquid fuel mki,1000,1329,false,fluid/bartworks/naquadah based liquid fuel mki.png,naquadah based liquid fuel mki,Naquadah Based Liquid Fuel MkI,0,bartworks,,300,fluid.naquadah based liquid fuel mki,1000
f~bartworks~naquadah based liquid fuel mki (depleted),1000,1330,false,fluid/bartworks/naquadah based liquid fuel mki (depleted).png,naquadah based liquid fuel mki (depleted),Naquadah Based Liquid Fuel MkI (Depleted),0,bartworks,,300,fluid.naquadah based liquid fuel mki (depleted),1000
f~bartworks~naquadah based liquid fuel mkii,1000,1331,false,fluid/bartworks/naquadah based liquid fuel mkii.png,naquadah based liquid fuel mkii,Naquadah Based Liquid Fuel MkII,0,bartworks,,300,fluid.naquadah based liquid fuel mkii,1000
f~bartworks~naquadah based liquid fuel mkii (depleted),1000,1332,false,fluid/bartworks/naquadah based liquid fuel mkii (depleted).png,naquadah based liquid fuel mkii (depleted),Naquadah Based Liquid Fuel MkII (Depleted),0,bartworks,,300,fluid.naquadah based liquid fuel mkii (depleted),1000
f~bartworks~naquadah based liquid fuel mkiii,1000,1333,false,fluid/bartworks/naquadah based liquid fuel mkiii.png,naquadah based liquid fuel mkiii,Naquadah Based Liquid Fuel MkIII,0,bartworks,,300,fluid.naquadah based liquid fuel mkiii,1000
f~bartworks~naquadah based liquid fuel mkiii (depleted),1000,1334,false,fluid/bartworks/naquadah based liquid fuel mkiii (depleted).png,naquadah based liquid fuel mkiii (depleted),Naquadah Based Liquid Fuel MkIII (Depleted),0,bartworks,,300,fluid.naquadah based liquid fuel mkiii (depleted),1000
f~bartworks~naquadah based liquid fuel mkiv,1000,1335,false,fluid/bartworks/naquadah based liquid fuel mkiv.png,naquadah based liquid fuel mkiv,Naquadah Based Liquid Fuel MkIV,0,bartworks,,300,fluid.naquadah based liquid fuel mkiv,1000
f~bartworks~naquadah based liquid fuel mkiv (depleted),1000,1336,false,fluid/bartworks/naquadah based liquid fuel mkiv (depleted).png,naquadah based liquid fuel mkiv (depleted),Naquadah Based Liquid Fuel MkIV (Depleted),0,bartworks,,300,fluid.naquadah based liquid fuel mkiv (depleted),1000
f~bartworks~naquadah based liquid fuel mkv,1000,1337,false,fluid/bartworks/naquadah based liquid fuel mkv.png,naquadah based liquid fuel mkv,Naquadah Based Liquid Fuel MkV,0,bartworks,,300,fluid.naquadah based liquid fuel mkv,1000
f~bartworks~naquadah based liquid fuel mkv (depleted),1000,1338,false,fluid/bartworks/naquadah based liquid fuel mkv (depleted).png,naquadah based liquid fuel mkv (depleted),Naquadah Based Liquid Fuel MkV (Depleted),0,bartworks,,300,fluid.naquadah based liquid fuel mkv (depleted),1000
f~bartworks~naquadah based liquid fuel mkvi,1000,1339,false,fluid/bartworks/naquadah based liquid fuel mkvi.png,naquadah based liquid fuel mkvi,Naquadah Based Liquid Fuel MkVI,0,bartworks,,300,fluid.naquadah based liquid fuel mkvi,1000
f~bartworks~naquadah based liquid fuel mkvi (depleted),1000,1340,false,fluid/bartworks/naquadah based liquid fuel mkvi (depleted).png,naquadah based liquid fuel mkvi (depleted),Naquadah Based Liquid Fuel MkVI (Depleted),0,bartworks,,300,fluid.naquadah based liquid fuel mkvi (depleted),1000
f~bartworks~naquadah emulsion,1000,1327,false,fluid/bartworks/naquadah emulsion.png,naquadah emulsion,Naquadah Emulsion,0,bartworks,,300,fluid.naquadah emulsion,1000
f~bartworks~naquadah gas,-100,1318,true,fluid/bartworks/naquadah gas.png,naquadah gas,Naquadah Gas,0,bartworks,,300,fluid.naquadah gas,200
f~bartworks~naquadah goo,1000,1353,false,fluid/bartworks/naquadah goo.png,naquadah goo,Naquadah Goo,0,bartworks,,300,fluid.naquadah goo,1000
f~bartworks~naquadah solution,1000,1328,false,fluid/bartworks/naquadah solution.png,naquadah solution,Naquadah Solution,0,bartworks,,300,fluid.naquadah solution,1000
f~bartworks~naquadah-adamantium solution,1000,1346,false,fluid/bartworks/naquadah-adamantium solution.png,naquadah-adamantium solution,Naquadah-Adamantium Solution,0,bartworks,,300,fluid.naquadah-adamantium solution,1000
f~bartworks~naquadah-rich solution,1000,1347,false,fluid/bartworks/naquadah-rich solution.png,naquadah-rich solution,Naquadah-Rich Solution,0,bartworks,,300,fluid.naquadah-rich solution,1000
f~bartworks~naquadria goo,1000,1355,false,fluid/bartworks/naquadria goo.png,naquadria goo,Naquadria Goo,0,bartworks,,300,fluid.naquadria goo,1000
f~bartworks~naquadria-rich solution,1000,1351,false,fluid/bartworks/naquadria-rich solution.png,naquadria-rich solution,Naquadria-Rich Solution,0,bartworks,,300,fluid.naquadria-rich solution,1000
f~bartworks~neodymium chloride concentrate,1000,1449,false,fluid/bartworks/neodymium chloride concentrate.png,neodymium chloride concentrate,Neodymium Chloride Concentrate,0,bartworks,,300,fluid.neodymium chloride concentrate,1000
f~bartworks~neodymium extracting nano resin,1000,1424,false,fluid/bartworks/neodymium extracting nano resin.png,neodymium extracting nano resin,Neodymium Extracting Nano Resin,0,bartworks,,300,fluid.neodymium extracting nano resin,1000
f~bartworks~nitric monazite leached concentrate,1000,1391,false,fluid/bartworks/nitric monazite leached concentrate.png,nitric monazite leached concentrate,Nitric Monazite Leached Concentrate,0,bartworks,,300,fluid.nitric monazite leached concentrate,1000
f~bartworks~nitric-leached monazite mixture,1000,1396,false,fluid/bartworks/nitric-leached monazite mixture.png,nitric-leached monazite mixture,Nitric-Leached Monazite Mixture,0,bartworks,,300,fluid.nitric-leached monazite mixture,1000
f~bartworks~nitrogenated bastnasite rarer earth oxides,1000,1403,false,fluid/bartworks/nitrogenated bastnasite rarer earth oxides.png,nitrogenated bastnasite rarer earth oxides,Nitrogenated Bastnasite Rarer Earth Oxides,0,bartworks,,300,fluid.nitrogenated bastnasite rarer earth oxides,1000
f~bartworks~nitrogenated monazite rare earth concentrate,1000,1390,false,fluid/bartworks/nitrogenated monazite rare earth concentrate.png,nitrogenated monazite rare earth concentrate,Nitrogenated Monazite Rare Earth Concentrate,0,bartworks,,300,fluid.nitrogenated monazite rare earth concentrate,1000
f~bartworks~nitromethane,1000,1469,false,fluid/bartworks/nitromethane.png,nitromethane,Nitromethane,0,bartworks,,300,fluid.nitromethane,1000
f~bartworks~oganesson,-100,1269,true,fluid/bartworks/oganesson.png,oganesson,Oganesson,0,bartworks,,300,fluid.oganesson,200
f~bartworks~osmium solution,1000,1286,false,fluid/bartworks/osmium solution.png,osmium solution,Osmium Solution,0,bartworks,,300,fluid.osmium solution,1000
f~bartworks~oxalic acid,1000,1308,false,fluid/bartworks/oxalic acid.png,oxalic acid,Oxalic Acid,0,bartworks,,300,fluid.oxalic acid,1000
f~bartworks~p-507,1000,1345,false,fluid/bartworks/p-507.png,p-507,P-507,0,bartworks,,300,fluid.p-507,1000
f~bartworks~palladium enriched ammonia,1000,1275,false,fluid/bartworks/palladium enriched ammonia.png,palladium enriched ammonia,Palladium Enriched Ammonia,0,bartworks,,300,fluid.palladium enriched ammonia,1000
f~bartworks~penicillin,1000,1258,false,fluid/bartworks/penicillin.png,penicillin,Penicillin,0,bartworks,,300,fluid.penicillin,1000
f~bartworks~phosgene,1000,1468,false,fluid/bartworks/phosgene.png,phosgene,Phosgene,0,bartworks,,300,fluid.phosgene,1000
f~bartworks~platinum concentrate,1000,1272,false,fluid/bartworks/platinum concentrate.png,platinum concentrate,Platinum Concentrate,0,bartworks,,300,fluid.platinum concentrate,1000
f~bartworks~plutonium based liquid fuel,1000,1305,false,fluid/bartworks/plutonium based liquid fuel.png,plutonium based liquid fuel,Plutonium Based Liquid Fuel,0,bartworks,,300,fluid.plutonium based liquid fuel,1000
f~bartworks~plutonium based liquid fuel (depleted),1000,1307,false,fluid/bartworks/plutonium based liquid fuel (depleted).png,plutonium based liquid fuel (depleted),Plutonium Based Liquid Fuel (Depleted),0,bartworks,,300,fluid.plutonium based liquid fuel (depleted),1000
f~bartworks~plutonium based liquid fuel (excited state),1000,1306,false,fluid/bartworks/plutonium based liquid fuel (excited state).png,plutonium based liquid fuel (excited state),Plutonium Based Liquid Fuel (Excited State),0,bartworks,,300,fluid.plutonium based liquid fuel (excited state),1000
f~bartworks~polymerase,1000,1259,false,fluid/bartworks/polymerase.png,polymerase,Polymerase,0,bartworks,,300,fluid.polymerase,1000
f~bartworks~potassium permanganate solution,1000,1394,false,fluid/bartworks/potassium permanganate solution.png,potassium permanganate solution,Potassium Permanganate Solution,0,bartworks,,300,fluid.potassium permanganate solution,1000
f~bartworks~praseodymium chloride concentrate,1000,1447,false,fluid/bartworks/praseodymium chloride concentrate.png,praseodymium chloride concentrate,Praseodymium Chloride Concentrate,0,bartworks,,300,fluid.praseodymium chloride concentrate,1000
f~bartworks~praseodymium extracting nano resin,1000,1420,false,fluid/bartworks/praseodymium extracting nano resin.png,praseodymium extracting nano resin,Praseodymium Extracting Nano Resin,0,bartworks,,300,fluid.praseodymium extracting nano resin,1000
f~bartworks~promethium chloride concentrate,1000,1450,false,fluid/bartworks/promethium chloride concentrate.png,promethium chloride concentrate,Promethium Chloride Concentrate,0,bartworks,,300,fluid.promethium chloride concentrate,1000
f~bartworks~pseudomonasveroniifluid,1000,1264,false,fluid/bartworks/pseudomonasveroniifluid.png,pseudomonasveroniifluid,Anaerobic Oil Bacteria Fluid,0,bartworks,,300,fluid.pseudomonasveroniifluid,1000
f~bartworks~reactive-ion etching mixture,1000,1463,false,fluid/bartworks/reactive-ion etching mixture.png,reactive-ion etching mixture,Reactive-Ion Etching Mixture,0,bartworks,,300,fluid.reactive-ion etching mixture,1000
f~bartworks~rhodium filter cake solution,1000,1289,false,fluid/bartworks/rhodium filter cake solution.png,rhodium filter cake solution,Rhodium Filter Cake Solution,0,bartworks,,300,fluid.rhodium filter cake solution,1000
f~bartworks~rhodium salt solution,1000,1288,false,fluid/bartworks/rhodium salt solution.png,rhodium salt solution,Rhodium Salt Solution,0,bartworks,,300,fluid.rhodium salt solution,1000
f~bartworks~rhodium sulfate,-100,1279,true,fluid/bartworks/rhodium sulfate.png,rhodium sulfate,Rhodium Sulfate,0,bartworks,,300,fluid.rhodium sulfate,200
f~bartworks~rhodium sulfate solution,1000,1280,false,fluid/bartworks/rhodium sulfate solution.png,rhodium sulfate solution,Rhodium Sulfate Solution,0,bartworks,,300,fluid.rhodium sulfate solution,1000
f~bartworks~ruthenium tetroxide,1000,1282,false,fluid/bartworks/ruthenium tetroxide.png,ruthenium tetroxide,Ruthenium Tetroxide,0,bartworks,,313,fluid.ruthenium tetroxide,1000
f~bartworks~ruthenium tetroxide solution,1000,1284,false,fluid/bartworks/ruthenium tetroxide solution.png,ruthenium tetroxide solution,Ruthenium Tetroxide Solution,0,bartworks,,313,fluid.ruthenium tetroxide solution,1000
f~bartworks~saccharomycescerevisiaefluid,1000,1260,false,fluid/bartworks/saccharomycescerevisiaefluid.png,saccharomycescerevisiaefluid,Common Yeast Fluid,0,bartworks,,300,fluid.saccharomycescerevisiaefluid,1000
f~bartworks~saccharomycescerevisiaevarbayanusfluid,1000,1261,false,fluid/bartworks/saccharomycescerevisiaevarbayanusfluid.png,saccharomycescerevisiaevarbayanusfluid,Wine Yeast Fluid,0,bartworks,,300,fluid.saccharomycescerevisiaevarbayanusfluid,1000
f~bartworks~saccharomycescerevisiaevarcerevisiaefluid,1000,1262,false,fluid/bartworks/saccharomycescerevisiaevarcerevisiaefluid.png,saccharomycescerevisiaevarcerevisiaefluid,Beer Yeast Fluid,0,bartworks,,300,fluid.saccharomycescerevisiaevarcerevisiaefluid,1000
f~bartworks~saccharomycesescherichiafluid,1000,1265,false,fluid/bartworks/saccharomycesescherichiafluid.png,saccharomycesescherichiafluid,General Purpose Fermenting Bacteria Fluid,0,bartworks,,300,fluid.saccharomycesescherichiafluid,1000
f~bartworks~samarium chloride concentrate,1000,1451,false,fluid/bartworks/samarium chloride concentrate.png,samarium chloride concentrate,Samarium Chloride Concentrate,0,bartworks,,300,fluid.samarium chloride concentrate,1000
f~bartworks~samarium extracting nano resin,1000,1426,false,fluid/bartworks/samarium extracting nano resin.png,samarium extracting nano resin,Samarium Extracting Nano Resin,0,bartworks,,300,fluid.samarium extracting nano resin,1000
f~bartworks~samarium rare earth mud,1000,1412,false,fluid/bartworks/samarium rare earth mud.png,samarium rare earth mud,Samarium Rare Earth Mud,0,bartworks,,300,fluid.samarium rare earth mud,1000
f~bartworks~seaweed byproducts,1000,1395,false,fluid/bartworks/seaweed byproducts.png,seaweed byproducts,Seaweed Byproducts,0,bartworks,,300,fluid.seaweed byproducts,1000
f~bartworks~seaweed concentrate,1000,1393,false,fluid/bartworks/seaweed concentrate.png,seaweed concentrate,Seaweed Concentrate,0,bartworks,,300,fluid.seaweed concentrate,1000
f~bartworks~silane-nitrogen plasma mixture,1000,1465,false,fluid/bartworks/silane-nitrogen plasma mixture.png,silane-nitrogen plasma mixture,Silane-Nitrogen Plasma Mixture,0,bartworks,,300,fluid.silane-nitrogen plasma mixture,1000
f~bartworks~sodium formate,1000,1276,false,fluid/bartworks/sodium formate.png,sodium formate,Sodium Formate,0,bartworks,,300,fluid.sodium formate,1000
f~bartworks~sodium tungstate,1000,1467,false,fluid/bartworks/sodium tungstate.png,sodium tungstate,Sodium Tungstate,0,bartworks,,300,fluid.sodium tungstate,1000
f~bartworks~sodiumfluorosilicate,1000,1398,false,fluid/bartworks/sodiumfluorosilicate.png,sodiumfluorosilicate,Sodiumfluorosilicate,0,bartworks,,300,fluid.sodiumfluorosilicate,1000
f~bartworks~steam-cracked bastnasite mud,1000,1399,false,fluid/bartworks/steam-cracked bastnasite mud.png,steam-cracked bastnasite mud,Steam-Cracked Bastnasite Mud,0,bartworks,,300,fluid.steam-cracked bastnasite mud,1000
f~bartworks~tcetieisfucusserratusfluid,1000,1267,false,fluid/bartworks/tcetieisfucusserratusfluid.png,tcetieisfucusserratusfluid,TCetiEis Fucus Serratus Fluid,0,bartworks,,300,fluid.tcetieisfucusserratusfluid,1000
f~bartworks~terbium chloride concentrate,1000,1454,false,fluid/bartworks/terbium chloride concentrate.png,terbium chloride concentrate,Terbium Chloride Concentrate,0,bartworks,,300,fluid.terbium chloride concentrate,1000
f~bartworks~terbium extracting nano resin,1000,1432,false,fluid/bartworks/terbium extracting nano resin.png,terbium extracting nano resin,Terbium Extracting Nano Resin,0,bartworks,,300,fluid.terbium extracting nano resin,1000
f~bartworks~thorium based liquid fuel,1000,1302,false,fluid/bartworks/thorium based liquid fuel.png,thorium based liquid fuel,Thorium Based Liquid Fuel,0,bartworks,,300,fluid.thorium based liquid fuel,1000
f~bartworks~thorium based liquid fuel (depleted),1000,1304,false,fluid/bartworks/thorium based liquid fuel (depleted).png,thorium based liquid fuel (depleted),Thorium Based Liquid Fuel (Depleted),0,bartworks,,300,fluid.thorium based liquid fuel (depleted),1000
f~bartworks~thorium based liquid fuel (excited state),1000,1303,false,fluid/bartworks/thorium based liquid fuel (excited state).png,thorium based liquid fuel (excited state),Thorium Based Liquid Fuel (Excited State),0,bartworks,,300,fluid.thorium based liquid fuel (excited state),1000
f~bartworks~thorium nitrate,1000,1309,false,fluid/bartworks/thorium nitrate.png,thorium nitrate,Thorium Nitrate,0,bartworks,,300,fluid.thorium nitrate,1000
f~bartworks~thorium tetrachloride,1000,1310,false,fluid/bartworks/thorium tetrachloride.png,thorium tetrachloride,Thorium Tetrachloride,0,bartworks,,300,fluid.thorium tetrachloride,1000
f~bartworks~thorium tetrafluoride,1000,1311,false,fluid/bartworks/thorium tetrafluoride.png,thorium tetrafluoride,Thorium Tetrafluoride,0,bartworks,,300,fluid.thorium tetrafluoride,1000
f~bartworks~thorium-232 tetrafluoride,1000,1312,false,fluid/bartworks/thorium-232 tetrafluoride.png,thorium-232 tetrafluoride,Thorium-232 Tetrafluoride,0,bartworks,,300,fluid.thorium-232 tetrafluoride,1000
f~bartworks~thulium chloride concentrate,1000,1458,false,fluid/bartworks/thulium chloride concentrate.png,thulium chloride concentrate,Thulium Chloride Concentrate,0,bartworks,,300,fluid.thulium chloride concentrate,1000
f~bartworks~thulium extracting nano resin,1000,1440,false,fluid/bartworks/thulium extracting nano resin.png,thulium extracting nano resin,Thulium Extracting Nano Resin,0,bartworks,,300,fluid.thulium extracting nano resin,1000
f~bartworks~unformed fluorophlogopite,1000,1295,false,fluid/bartworks/unformed fluorophlogopite.png,unformed fluorophlogopite,Unformed Fluorophlogopite,0,bartworks,,300,fluid.unformed fluorophlogopite,1000
f~bartworks~uranium based liquid fuel,1000,1299,false,fluid/bartworks/uranium based liquid fuel.png,uranium based liquid fuel,Uranium Based Liquid Fuel,0,bartworks,,300,fluid.uranium based liquid fuel,1000
f~bartworks~uranium based liquid fuel (depleted),1000,1301,false,fluid/bartworks/uranium based liquid fuel (depleted).png,uranium based liquid fuel (depleted),Uranium Based Liquid Fuel (Depleted),0,bartworks,,300,fluid.uranium based liquid fuel (depleted),1000
f~bartworks~uranium based liquid fuel (excited state),1000,1300,false,fluid/bartworks/uranium based liquid fuel (excited state).png,uranium based liquid fuel (excited state),Uranium Based Liquid Fuel (Excited State),0,bartworks,,300,fluid.uranium based liquid fuel (excited state),1000
f~bartworks~waste liquid,1000,1349,false,fluid/bartworks/waste liquid.png,waste liquid,Waste Liquid,0,bartworks,,300,fluid.waste liquid,1000
f~bartworks~ytterbium chloride concentrate,1000,1459,false,fluid/bartworks/ytterbium chloride concentrate.png,ytterbium chloride concentrate,Ytterbium Chloride Concentrate,0,bartworks,,300,fluid.ytterbium chloride concentrate,1000
f~bartworks~ytterbium extracting nano resin,1000,1442,false,fluid/bartworks/ytterbium extracting nano resin.png,ytterbium extracting nano resin,Ytterbium Extracting Nano Resin,0,bartworks,,300,fluid.ytterbium extracting nano resin,1000
f~bartworks~zirconium tetrachloride solution,1000,1385,false,fluid/bartworks/zirconium tetrachloride solution.png,zirconium tetrachloride solution,Zirconium Tetrachloride Solution,0,bartworks,,300,fluid.zirconium tetrachloride solution,1000
f~betterquesting~betterquesting.placeholder,1000,1252,false,fluid/betterquesting/betterquesting.placeholder.png,betterquesting.placeholder,Placeholder,0,betterquesting,,300,fluid.betterquesting.placeholder,1000
f~cropsnh~cropsnh.enrichedfertilizer,1000,1226,false,fluid/cropsnh/cropsnh.enrichedfertilizer.png,cropsnh.enrichedfertilizer,Enriched Fertilizer,0,cropsnh,,300,fluid.cropsnh.enrichedFertilizer,1000
f~cropsnh~cropsnh.fertilizer,1000,1225,false,fluid/cropsnh/cropsnh.fertilizer.png,cropsnh.fertilizer,Fertilizer,0,cropsnh,,300,fluid.cropsnh.fertilizer,1000
f~cropsnh~cropsnhdkorn,1125,1229,false,fluid/cropsnh/cropsnhdkorn.png,cropsnh:dkorn,Doppelkorn,0,cropsnh,,295,fluid.cropsnh:DKorn,1125
f~cropsnh~cropsnhfreed,1125,1230,false,fluid/cropsnh/cropsnhfreed.png,cropsnh:freed,Fermented Reedwater,0,cropsnh,,295,fluid.cropsnh:FReed,1125
f~cropsnh~cropsnhfwheat,1125,1227,false,fluid/cropsnh/cropsnhfwheat.png,cropsnh:fwheat,Fermented Wheat,0,cropsnh,,295,fluid.cropsnh:FWheat,1125
f~cropsnh~cropsnhghp,1125,1234,false,fluid/cropsnh/cropsnhghp.png,cropsnh:ghp,Generic High Proof,0,cropsnh,,295,fluid.cropsnh:GHP,1125
f~cropsnh~cropsnhjagi,1125,1235,false,fluid/cropsnh/cropsnhjagi.png,cropsnh:jagi,Real Jägermeister!,0,cropsnh,,295,fluid.cropsnh:jagi,1125
f~cropsnh~cropsnhkorn,1125,1228,false,fluid/cropsnh/cropsnhkorn.png,cropsnh:korn,Korn,0,cropsnh,,295,fluid.cropsnh:Korn,1125
f~cropsnh~cropsnhmash,1125,1232,false,fluid/cropsnh/cropsnhmash.png,cropsnh:mash,Mash,0,cropsnh,,295,fluid.cropsnh:Mash,1125
f~cropsnh~cropsnhnjagi,1125,1236,false,fluid/cropsnh/cropsnhnjagi.png,cropsnh:njagi,Fake Jägermeister,0,cropsnh,,295,fluid.cropsnh:njagi,1125
f~cropsnh~cropsnhswhine,1125,1231,false,fluid/cropsnh/cropsnhswhine.png,cropsnh:swhine,Sugar Whine,0,cropsnh,,295,fluid.cropsnh:SWhine,1125
f~cropsnh~cropsnhwash,1125,1233,false,fluid/cropsnh/cropsnhwash.png,cropsnh:wash,Wash,0,cropsnh,,295,fluid.cropsnh:Wash,1125
f~dreamcraft~concrete,1000,83,false,fluid/dreamcraft/concrete.png,concrete,Concrete,0,dreamcraft,,300,fluid.Concrete,1000
f~dreamcraft~gelatinmixture,1000,79,false,fluid/dreamcraft/gelatinmixture.png,gelatinmixture,Gelatin Mixture,0,dreamcraft,,300,fluid.gelatinmixture,1000
f~dreamcraft~meatextract,1000,80,false,fluid/dreamcraft/meatextract.png,meatextract,Meat Extract,0,dreamcraft,,300,fluid.meatextract,1000
f~dreamcraft~seaweedbroth,1000,82,false,fluid/dreamcraft/seaweedbroth.png,seaweedbroth,Seaweed Broth,0,dreamcraft,,300,fluid.seaweedbroth,1000
f~dreamcraft~unknownnutrientagar,1000,81,false,fluid/dreamcraft/unknownnutrientagar.png,unknownnutrientagar,Unknown Nutrient Agar,0,dreamcraft,,300,fluid.unknownnutrientagar,1000
f~gendustry~liquiddna,1000,105,false,fluid/gendustry/liquiddna.png,liquiddna,Liquid DNA,0,gendustry,,295,fluid.gendustry.liquiddna,1000
f~gendustry~mutagen,1000,104,false,fluid/gendustry/mutagen.png,mutagen,Mutagen,0,gendustry,,295,fluid.gendustry.mutagen,1000
f~gendustry~protein,1000,106,false,fluid/gendustry/protein.png,protein,Protein,0,gendustry,,295,fluid.gendustry.protein,1000
"f~gregtech~1,1dimethylhydrazine",1000,553,false,"fluid/gregtech/1,1dimethylhydrazine.png","1,1dimethylhydrazine","1,1-Dimethylhydrazine",0,gregtech,,216,"fluid.1,1dimethylhydrazine",1000
"f~gregtech~1,3dimethylbenzene",1000,794,false,"fluid/gregtech/1,3dimethylbenzene.png","1,3dimethylbenzene","1,3-Dimethylbenzene",0,gregtech,,225,"fluid.1,3dimethylbenzene",1000
"f~gregtech~1,4dimethylbenzene",1000,795,false,"fluid/gregtech/1,4dimethylbenzene.png","1,4dimethylbenzene","1,4-Dimethylbenzene",0,gregtech,,286,"fluid.1,4dimethylbenzene",1000
f~gregtech~2nitrochlorobenzene,1000,675,false,fluid/gregtech/2nitrochlorobenzene.png,2nitrochlorobenzene,2-Nitrochlorobenzene,0,gregtech,,306,fluid.2nitrochlorobenzene,1000
"f~gregtech~3,3diaminobenzidine",1000,671,false,"fluid/gregtech/3,3diaminobenzidine.png","3,3diaminobenzidine","3,3-Diaminobenzidine",0,gregtech,,448,"fluid.3,3diaminobenzidine",1000
"f~gregtech~3,3dichlorobenzidine",1000,672,false,"fluid/gregtech/3,3dichlorobenzidine.png","3,3dichlorobenzidine","3,3-Dichlorobenzidine",0,gregtech,,405,"fluid.3,3dichlorobenzidine",1000
f~gregtech~4nitroaniline,1000,783,false,fluid/gregtech/4nitroaniline.png,4nitroaniline,4-Nitroaniline,0,gregtech,,420,fluid.4nitroaniline,1000
f~gregtech~acetaldehyde,-100,779,true,fluid/gregtech/acetaldehyde.png,acetaldehyde,Acetaldehyde,0,gregtech,,295,fluid.acetaldehyde,200
f~gregtech~aceticacid,1000,456,false,fluid/gregtech/aceticacid.png,aceticacid,Acetic Acid,0,gregtech,,289,fluid.aceticacid,1000
f~gregtech~acetone,1000,457,false,fluid/gregtech/acetone.png,acetone,Acetone,0,gregtech,,178,fluid.acetone,1000
f~gregtech~acetylene,-100,782,true,fluid/gregtech/acetylene.png,acetylene,Acetylene,0,gregtech,,295,fluid.acetylene,200
f~gregtech~activatednetherite,1000,227,false,fluid/gregtech/activatednetherite.png,activatednetherite,Activated Netherite,15,gregtech,,50000000,fluid.activatednetherite,1000
f~gregtech~activatedwastewater,1000,761,false,fluid/gregtech/activatedwastewater.png,activatedwastewater,Activated Waste Water,0,gregtech,,295,fluid.activatedwastewater,1000
f~gregtech~advancedglue,1000,447,false,fluid/gregtech/advancedglue.png,advancedglue,Advanced Glue,0,gregtech,,295,fluid.advancedglue,1000
f~gregtech~agitatingslurry,1000,758,false,fluid/gregtech/agitatingslurry.png,agitatingslurry,Agitating Slurry,0,gregtech,,295,fluid.agitatingslurry,1000
f~gregtech~air,-100,107,true,fluid/gregtech/air.png,air,Air,0,gregtech,,295,fluid.air,200
f~gregtech~allylchloride,1000,458,false,fluid/gregtech/allylchloride.png,allylchloride,Allyl Chloride,0,gregtech,,138,fluid.allylchloride,1000
f~gregtech~ammonia,-100,229,true,fluid/gregtech/ammonia.png,ammonia,Ammonia,0,gregtech,,295,fluid.ammonia,200
f~gregtech~antimatter,1000,174,false,fluid/gregtech/antimatter.png,antimatter,Semi-Stable Antimatter,0,gregtech,,1000000,fluid.antimatter,1000
f~gregtech~argon,-100,116,true,fluid/gregtech/argon.png,argon,Argon,0,gregtech,,295,fluid.argon,200
f~gregtech~bauxiteslurry,1000,799,false,fluid/gregtech/bauxiteslurry.png,bauxiteslurry,Bauxite Slurry,0,gregtech,,295,fluid.bauxiteslurry,1000
f~gregtech~benzene,1000,461,false,fluid/gregtech/benzene.png,benzene,Benzene,0,gregtech,,279,fluid.benzene,1000
f~gregtech~biocatalyzedpropulsionfluid,1000,830,false,fluid/gregtech/biocatalyzedpropulsionfluid.png,biocatalyzedpropulsionfluid,Biocatalyzed Propulsion Fluid,0,gregtech,,303,fluid.biocatalyzedpropulsionfluid,1000
f~gregtech~biodiesel,1000,522,false,fluid/gregtech/biodiesel.png,biodiesel,Bio Diesel,0,gregtech,,295,fluid.biodiesel,1000
f~gregtech~biohmediumsterilized,1000,518,false,fluid/gregtech/biohmediumsterilized.png,biohmediumsterilized,Sterilized Bio Catalyst Medium,0,gregtech,,295,fluid.biohmediumsterilized,1000
f~gregtech~biomediumraw,1000,517,false,fluid/gregtech/biomediumraw.png,biomediumraw,Raw Bio Catalyst Medium,0,gregtech,,295,fluid.biomediumraw,1000
f~gregtech~blackdwarfmatter,1000,816,false,fluid/gregtech/blackdwarfmatter.png,blackdwarfmatter,Black Dwarf Matter,0,gregtech,,0,fluid.blackdwarfmatter,1000
f~gregtech~boundlesscosmicsolder,1000,183,false,fluid/gregtech/boundlesscosmicsolder.png,boundlesscosmicsolder,Boundless Cosmic Solder,0,gregtech,,1000000,fluid.boundlesscosmicsolder,1000
f~gregtech~brightlumipodextract,1000,829,false,fluid/gregtech/brightlumipodextract.png,brightlumipodextract,Bright Lumipod Extract,0,gregtech,,298,fluid.brightlumipodextract,1000
f~gregtech~butadiene,-100,523,true,fluid/gregtech/butadiene.png,butadiene,Butadiene,0,gregtech,,295,fluid.butadiene,200
f~gregtech~butane,-100,530,true,fluid/gregtech/butane.png,butane,Butane,0,gregtech,,295,fluid.butane,200
f~gregtech~butene,-100,537,true,fluid/gregtech/butene.png,butene,Butene,0,gregtech,,295,fluid.butene,200
f~gregtech~butyraldehyde,1000,773,false,fluid/gregtech/butyraldehyde.png,butyraldehyde,Butyraldehyde,0,gregtech,,176,fluid.butyraldehyde,1000
f~gregtech~calciumacetatesolution,1000,544,false,fluid/gregtech/calciumacetatesolution.png,calciumacetatesolution,Calcium Acetate Solution,0,gregtech,,433,fluid.calciumacetatesolution,1000
f~gregtech~carbondioxide,-100,228,true,fluid/gregtech/carbondioxide.png,carbondioxide,Carbon Dioxide,0,gregtech,,295,fluid.carbondioxide,200
f~gregtech~carbonmonoxide,-100,545,true,fluid/gregtech/carbonmonoxide.png,carbonmonoxide,Carbon Monoxide,0,gregtech,,295,fluid.carbonmonoxide,200
f~gregtech~charcoal_byproducts,-100,143,true,fluid/gregtech/charcoal_byproducts.png,charcoal_byproducts,Charcoal Byproducts,0,gregtech,,775,fluid.charcoal_byproducts,200
f~gregtech~chloramine,1000,546,false,fluid/gregtech/chloramine.png,chloramine,Chloramine,0,gregtech,,207,fluid.chloramine,1000
f~gregtech~chlorine,-100,146,true,fluid/gregtech/chlorine.png,chlorine,Chlorine,0,gregtech,,295,fluid.chlorine,200
f~gregtech~chlorobenzene,1000,464,false,fluid/gregtech/chlorobenzene.png,chlorobenzene,Chlorobenzene,0,gregtech,,228,fluid.chlorobenzene,1000
f~gregtech~chloroform,1000,547,false,fluid/gregtech/chloroform.png,chloroform,Chloroform,0,gregtech,,210,fluid.chloroform,1000
f~gregtech~chloromethane,-100,548,true,fluid/gregtech/chloromethane.png,chloromethane,Chloromethane,0,gregtech,,295,fluid.chloromethane,200
f~gregtech~chlorosulfonicacid,1000,762,false,fluid/gregtech/chlorosulfonicacid.png,chlorosulfonicacid,Chlorosulfonic Acid,0,gregtech,,193,fluid.chlorosulfonicacid,1000
f~gregtech~complexitycatalyst,1000,764,false,fluid/gregtech/complexitycatalyst.png,complexitycatalyst,Complexity Catalyst,0,gregtech,,295,fluid.complexitycatalyst,1000
f~gregtech~computationbase,1000,184,false,fluid/gregtech/computationbase.png,computationbase,Computation Base,15,gregtech,,100000000,fluid.computationbase,1000
f~gregtech~crackedradox,-100,724,true,fluid/gregtech/crackedradox.png,crackedradox,Cracked Radox,0,gregtech,,295,fluid.crackedradox,200
f~gregtech~densesteam,-100,486,true,fluid/gregtech/densesteam.png,densesteam,Dense Steam,0,gregtech,,-1,fluid.densesteam,200
f~gregtech~densesupercriticalsteam,-100,488,true,fluid/gregtech/densesupercriticalsteam.png,densesupercriticalsteam,Dense Supercritical Steam,0,gregtech,,-1,fluid.densesupercriticalsteam,200
f~gregtech~densesuperheatedsteam,-100,487,true,fluid/gregtech/densesuperheatedsteam.png,densesuperheatedsteam,Dense Superheated Steam,0,gregtech,,-1,fluid.densesuperheatedsteam,200
f~gregtech~destabilizationslurry,1000,757,false,fluid/gregtech/destabilizationslurry.png,destabilizationslurry,Destabilization Slurry,0,gregtech,,295,fluid.destabilizationslurry,1000
f~gregtech~deuterium,-100,113,true,fluid/gregtech/deuterium.png,deuterium,Deuterium,0,gregtech,,295,fluid.deuterium,200
f~gregtech~diaminodiphenylmethanmixture,1000,771,false,fluid/gregtech/diaminodiphenylmethanmixture.png,diaminodiphenylmethanmixture,Diaminodiphenylmethane Mixture,0,gregtech,,365,fluid.diaminodiphenylmethanmixture,1000
f~gregtech~dichlorobenzene,1000,550,false,fluid/gregtech/dichlorobenzene.png,dichlorobenzene,Dichlorobenzene,0,gregtech,,327,fluid.dichlorobenzene,1000
f~gregtech~dichlorosilane,-100,609,true,fluid/gregtech/dichlorosilane.png,dichlorosilane,Dichlorosilane,0,gregtech,,295,fluid.dichlorosilane,200
f~gregtech~dilutedhydrochloricacid_gt5u,1000,468,false,fluid/gregtech/dilutedhydrochloricacid_gt5u.png,dilutedhydrochloricacid_gt5u,Diluted Hydrochloric Acid,0,gregtech,,92,fluid.dilutedhydrochloricacid_gt5u,1000
f~gregtech~dilutedsulfuricacid,1000,633,false,fluid/gregtech/dilutedsulfuricacid.png,dilutedsulfuricacid,Diluted Sulfuric Acid,0,gregtech,,295,fluid.dilutedsulfuricacid,1000
f~gregtech~dilutedxenoxene,1000,734,false,fluid/gregtech/dilutedxenoxene.png,dilutedxenoxene,Diluted Xenoxene,0,gregtech,,295,fluid.dilutedxenoxene,1000
f~gregtech~dimensionallyshiftedsuperfluid,1000,825,false,fluid/gregtech/dimensionallyshiftedsuperfluid.png,dimensionallyshiftedsuperfluid,Dimensionally Shifted Superfluid,0,gregtech,,295,fluid.dimensionallyshiftedsuperfluid,1000
f~gregtech~dimensionallytranscendentcrudecatalyst,1000,805,false,fluid/gregtech/dimensionallytranscendentcrudecatalyst.png,dimensionallytranscendentcrudecatalyst,Dimensionally Transcendent Crude Catalyst,0,gregtech,,25000000,fluid.dimensionallytranscendentcrudecatalyst,1000
f~gregtech~dimensionallytranscendentexoticcatalyst,1000,808,false,fluid/gregtech/dimensionallytranscendentexoticcatalyst.png,dimensionallytranscendentexoticcatalyst,Dimensionally Transcendent Exotic Catalyst,0,gregtech,,100000000,fluid.dimensionallytranscendentexoticcatalyst,1000
f~gregtech~dimensionallytranscendentprosaiccatalyst,1000,806,false,fluid/gregtech/dimensionallytranscendentprosaiccatalyst.png,dimensionallytranscendentprosaiccatalyst,Dimensionally Transcendent Prosaic Catalyst,0,gregtech,,50000000,fluid.dimensionallytranscendentprosaiccatalyst,1000
f~gregtech~dimensionallytranscendentresidue,1000,161,false,fluid/gregtech/dimensionallytranscendentresidue.png,dimensionallytranscendentresidue,Dimensionally Transcendent Residue,0,gregtech,,2000000000,fluid.dimensionallytranscendentresidue,1000
f~gregtech~dimensionallytranscendentresplendentcatalyst,1000,807,false,fluid/gregtech/dimensionallytranscendentresplendentcatalyst.png,dimensionallytranscendentresplendentcatalyst,Dimensionally Transcendent Resplendent Catalyst,0,gregtech,,75000000,fluid.dimensionallytranscendentresplendentcatalyst,1000
f~gregtech~dimensionallytranscendentstellarcatalyst,1000,809,false,fluid/gregtech/dimensionallytranscendentstellarcatalyst.png,dimensionallytranscendentstellarcatalyst,Dimensionally Transcendent Stellar Catalyst,0,gregtech,,100000000,fluid.dimensionallytranscendentstellarcatalyst,1000
f~gregtech~dimethylamine,-100,551,true,fluid/gregtech/dimethylamine.png,dimethylamine,Dimethylamine,0,gregtech,,295,fluid.dimethylamine,200
f~gregtech~dimethylbenzene,1000,673,false,fluid/gregtech/dimethylbenzene.png,dimethylbenzene,"1,2-Dimethylbenzene",0,gregtech,,248,fluid.dimethylbenzene,1000
f~gregtech~dimethyldichlorosilane,1000,552,false,fluid/gregtech/dimethyldichlorosilane.png,dimethyldichlorosilane,Dimethyldichlorosilane,0,gregtech,,197,fluid.dimethyldichlorosilane,1000
f~gregtech~dimethylterephthalate,1000,791,false,fluid/gregtech/dimethylterephthalate.png,dimethylterephthalate,Dimethyl Terephthalate,0,gregtech,,415,fluid.dimethylterephthalate,1000
f~gregtech~dinitrogentetroxide,-100,554,true,fluid/gregtech/dinitrogentetroxide.png,dinitrogentetroxide,Dinitrogen Tetroxide,0,gregtech,,295,fluid.dinitrogentetroxide,200
f~gregtech~diphenylisophtalate,1000,674,false,fluid/gregtech/diphenylisophtalate.png,diphenylisophtalate,Diphenyl Isophthalate,0,gregtech,,409,fluid.diphenylisophtalate,1000
f~gregtech~diphenylmethanediisocyanatemixture,1000,772,false,fluid/gregtech/diphenylmethanediisocyanatemixture.png,diphenylmethanediisocyanatemixture,Diphenylmethane Diisocyanate Mixture,0,gregtech,,310,fluid.diphenylmethanediisocyanatemixture,1000
f~gregtech~dye.chemical.dyeblack,1000,190,false,fluid/gregtech/dye.chemical.dyeblack.png,dye.chemical.dyeblack,Chemical Black Dye,0,gregtech,,295,fluid.dye.chemical.dyeblack,1000
f~gregtech~dye.chemical.dyeblue,1000,198,false,fluid/gregtech/dye.chemical.dyeblue.png,dye.chemical.dyeblue,Chemical Blue Dye,0,gregtech,,295,fluid.dye.chemical.dyeblue,1000
f~gregtech~dye.chemical.dyebrown,1000,196,false,fluid/gregtech/dye.chemical.dyebrown.png,dye.chemical.dyebrown,Chemical Brown Dye,0,gregtech,,295,fluid.dye.chemical.dyebrown,1000
f~gregtech~dye.chemical.dyecyan,1000,202,false,fluid/gregtech/dye.chemical.dyecyan.png,dye.chemical.dyecyan,Chemical Cyan Dye,0,gregtech,,295,fluid.dye.chemical.dyecyan,1000
f~gregtech~dye.chemical.dyegray,1000,206,false,fluid/gregtech/dye.chemical.dyegray.png,dye.chemical.dyegray,Chemical Gray Dye,0,gregtech,,295,fluid.dye.chemical.dyegray,1000
f~gregtech~dye.chemical.dyegreen,1000,194,false,fluid/gregtech/dye.chemical.dyegreen.png,dye.chemical.dyegreen,Chemical Green Dye,0,gregtech,,295,fluid.dye.chemical.dyegreen,1000
f~gregtech~dye.chemical.dyelightblue,1000,214,false,fluid/gregtech/dye.chemical.dyelightblue.png,dye.chemical.dyelightblue,Chemical Light Blue Dye,0,gregtech,,295,fluid.dye.chemical.dyelightblue,1000
f~gregtech~dye.chemical.dyelightgray,1000,204,false,fluid/gregtech/dye.chemical.dyelightgray.png,dye.chemical.dyelightgray,Chemical Light Gray Dye,0,gregtech,,295,fluid.dye.chemical.dyelightgray,1000
f~gregtech~dye.chemical.dyelime,1000,210,false,fluid/gregtech/dye.chemical.dyelime.png,dye.chemical.dyelime,Chemical Lime Dye,0,gregtech,,295,fluid.dye.chemical.dyelime,1000
f~gregtech~dye.chemical.dyemagenta,1000,216,false,fluid/gregtech/dye.chemical.dyemagenta.png,dye.chemical.dyemagenta,Chemical Magenta Dye,0,gregtech,,295,fluid.dye.chemical.dyemagenta,1000
f~gregtech~dye.chemical.dyeorange,1000,218,false,fluid/gregtech/dye.chemical.dyeorange.png,dye.chemical.dyeorange,Chemical Orange Dye,0,gregtech,,295,fluid.dye.chemical.dyeorange,1000
f~gregtech~dye.chemical.dyepink,1000,208,false,fluid/gregtech/dye.chemical.dyepink.png,dye.chemical.dyepink,Chemical Pink Dye,0,gregtech,,295,fluid.dye.chemical.dyepink,1000
f~gregtech~dye.chemical.dyepurple,1000,200,false,fluid/gregtech/dye.chemical.dyepurple.png,dye.chemical.dyepurple,Chemical Purple Dye,0,gregtech,,295,fluid.dye.chemical.dyepurple,1000
f~gregtech~dye.chemical.dyered,1000,192,false,fluid/gregtech/dye.chemical.dyered.png,dye.chemical.dyered,Chemical Red Dye,0,gregtech,,295,fluid.dye.chemical.dyered,1000
f~gregtech~dye.chemical.dyewhite,1000,220,false,fluid/gregtech/dye.chemical.dyewhite.png,dye.chemical.dyewhite,Chemical White Dye,0,gregtech,,295,fluid.dye.chemical.dyewhite,1000
f~gregtech~dye.chemical.dyeyellow,1000,212,false,fluid/gregtech/dye.chemical.dyeyellow.png,dye.chemical.dyeyellow,Chemical Yellow Dye,0,gregtech,,295,fluid.dye.chemical.dyeyellow,1000
f~gregtech~dye.watermixed.dyeblack,1000,189,false,fluid/gregtech/dye.watermixed.dyeblack.png,dye.watermixed.dyeblack,Water Mixed Black Dye,0,gregtech,,295,fluid.dye.watermixed.dyeblack,1000
f~gregtech~dye.watermixed.dyeblue,1000,197,false,fluid/gregtech/dye.watermixed.dyeblue.png,dye.watermixed.dyeblue,Water Mixed Blue Dye,0,gregtech,,295,fluid.dye.watermixed.dyeblue,1000
f~gregtech~dye.watermixed.dyebrown,1000,195,false,fluid/gregtech/dye.watermixed.dyebrown.png,dye.watermixed.dyebrown,Water Mixed Brown Dye,0,gregtech,,295,fluid.dye.watermixed.dyebrown,1000
f~gregtech~dye.watermixed.dyecyan,1000,201,false,fluid/gregtech/dye.watermixed.dyecyan.png,dye.watermixed.dyecyan,Water Mixed Cyan Dye,0,gregtech,,295,fluid.dye.watermixed.dyecyan,1000
f~gregtech~dye.watermixed.dyegray,1000,205,false,fluid/gregtech/dye.watermixed.dyegray.png,dye.watermixed.dyegray,Water Mixed Gray Dye,0,gregtech,,295,fluid.dye.watermixed.dyegray,1000
f~gregtech~dye.watermixed.dyegreen,1000,193,false,fluid/gregtech/dye.watermixed.dyegreen.png,dye.watermixed.dyegreen,Water Mixed Green Dye,0,gregtech,,295,fluid.dye.watermixed.dyegreen,1000
f~gregtech~dye.watermixed.dyelightblue,1000,213,false,fluid/gregtech/dye.watermixed.dyelightblue.png,dye.watermixed.dyelightblue,Water Mixed Light Blue Dye,0,gregtech,,295,fluid.dye.watermixed.dyelightblue,1000
f~gregtech~dye.watermixed.dyelightgray,1000,203,false,fluid/gregtech/dye.watermixed.dyelightgray.png,dye.watermixed.dyelightgray,Water Mixed Light Gray Dye,0,gregtech,,295,fluid.dye.watermixed.dyelightgray,1000
f~gregtech~dye.watermixed.dyelime,1000,209,false,fluid/gregtech/dye.watermixed.dyelime.png,dye.watermixed.dyelime,Water Mixed Lime Dye,0,gregtech,,295,fluid.dye.watermixed.dyelime,1000
f~gregtech~dye.watermixed.dyemagenta,1000,215,false,fluid/gregtech/dye.watermixed.dyemagenta.png,dye.watermixed.dyemagenta,Water Mixed Magenta Dye,0,gregtech,,295,fluid.dye.watermixed.dyemagenta,1000
f~gregtech~dye.watermixed.dyeorange,1000,217,false,fluid/gregtech/dye.watermixed.dyeorange.png,dye.watermixed.dyeorange,Water Mixed Orange Dye,0,gregtech,,295,fluid.dye.watermixed.dyeorange,1000
f~gregtech~dye.watermixed.dyepink,1000,207,false,fluid/gregtech/dye.watermixed.dyepink.png,dye.watermixed.dyepink,Water Mixed Pink Dye,0,gregtech,,295,fluid.dye.watermixed.dyepink,1000
f~gregtech~dye.watermixed.dyepurple,1000,199,false,fluid/gregtech/dye.watermixed.dyepurple.png,dye.watermixed.dyepurple,Water Mixed Purple Dye,0,gregtech,,295,fluid.dye.watermixed.dyepurple,1000
f~gregtech~dye.watermixed.dyered,1000,191,false,fluid/gregtech/dye.watermixed.dyered.png,dye.watermixed.dyered,Water Mixed Red Dye,0,gregtech,,295,fluid.dye.watermixed.dyered,1000
f~gregtech~dye.watermixed.dyewhite,1000,219,false,fluid/gregtech/dye.watermixed.dyewhite.png,dye.watermixed.dyewhite,Water Mixed White Dye,0,gregtech,,295,fluid.dye.watermixed.dyewhite,1000
f~gregtech~dye.watermixed.dyeyellow,1000,211,false,fluid/gregtech/dye.watermixed.dyeyellow.png,dye.watermixed.dyeyellow,Water Mixed Yellow Dye,0,gregtech,,295,fluid.dye.watermixed.dyeyellow,1000
f~gregtech~enrichedbacterialsludge,1000,159,false,fluid/gregtech/enrichedbacterialsludge.png,enrichedbacterialsludge,Enriched Bacterial Sludge,15,gregtech,,300,fluid.enrichedbacterialsludge,1000
f~gregtech~entangled_bedrockium,-100,944,true,fluid/gregtech/entangled_bedrockium.png,entangled_bedrockium,Entangled Bedrockium Bose-Einstein Condensate,0,gregtech,,0,fluid.entangled_bedrockium,200
f~gregtech~entangled_celestialtungsten,-100,946,true,fluid/gregtech/entangled_celestialtungsten.png,entangled_celestialtungsten,Entangled Celestial Tungsten Bose-Einstein Condensate,0,gregtech,,0,fluid.entangled_celestialtungsten,200
f~gregtech~entangled_chromaticglass,-100,945,true,fluid/gregtech/entangled_chromaticglass.png,entangled_chromaticglass,Entangled Chromatic Glass Bose-Einstein Condensate,0,gregtech,,0,fluid.entangled_chromaticglass,200
f~gregtech~entangled_cosmicneutronium,-100,943,true,fluid/gregtech/entangled_cosmicneutronium.png,entangled_cosmicneutronium,Entangled Cosmic Neutronium Bose-Einstein Condensate,0,gregtech,,0,fluid.entangled_cosmicneutronium,200
f~gregtech~entangled_cosmicsolder,-100,956,true,fluid/gregtech/entangled_cosmicsolder.png,entangled_cosmicsolder,Entangled Cosmic Solder Bose-Einstein Condensate,0,gregtech,,0,fluid.entangled_cosmicsolder,200
f~gregtech~entangled_dimshiftedsuperfluid,-100,950,true,fluid/gregtech/entangled_dimshiftedsuperfluid.png,entangled_dimshiftedsuperfluid,Entangled Dimensionally Shifted Superfluid Bose-Einstein Condensate,0,gregtech,,0,fluid.entangled_dimshiftedsuperfluid,200
f~gregtech~entangled_eternity,-100,960,true,fluid/gregtech/entangled_eternity.png,entangled_eternity,Entangled Eternity Bose-Einstein Condensate,0,gregtech,,0,fluid.entangled_eternity,200
f~gregtech~entangled_hypogen,-100,948,true,fluid/gregtech/entangled_hypogen.png,entangled_hypogen,Entangled Hypogen Bose-Einstein Condensate,0,gregtech,,0,fluid.entangled_hypogen,200
f~gregtech~entangled_infinity,-100,947,true,fluid/gregtech/entangled_infinity.png,entangled_infinity,Entangled Infinity Bose-Einstein Condensate,0,gregtech,,0,fluid.entangled_infinity,200
f~gregtech~entangled_magmatter,-100,958,true,fluid/gregtech/entangled_magmatter.png,entangled_magmatter,Entangled MagMatter Bose-Einstein Condensate,0,gregtech,,0,fluid.entangled_magmatter,200
f~gregtech~entangled_mhdcsm,-100,957,true,fluid/gregtech/entangled_mhdcsm.png,entangled_mhdcsm,Entangled MHDCSM Bose-Einstein Condensate,0,gregtech,,0,fluid.entangled_mhdcsm,200
f~gregtech~entangled_neutronium,-100,942,true,fluid/gregtech/entangled_neutronium.png,entangled_neutronium,Entangled Neutronium Bose-Einstein Condensate,0,gregtech,,0,fluid.entangled_neutronium,200
f~gregtech~entangled_phononmedium,-100,951,true,fluid/gregtech/entangled_phononmedium.png,entangled_phononmedium,Entangled Lossless Phonon Transfer Medium Bose-Einstein Condensate,0,gregtech,,0,fluid.entangled_phononmedium,200
f~gregtech~entangled_quarkgluonplasma,-100,952,true,fluid/gregtech/entangled_quarkgluonplasma.png,entangled_quarkgluonplasma,Entangled Degenerate Quark Gluon Plasma Bose-Einstein Condensate,0,gregtech,,0,fluid.entangled_quarkgluonplasma,200
f~gregtech~entangled_space,-100,955,true,fluid/gregtech/entangled_space.png,entangled_space,Entangled Spatially Enlarged Bose-Einstein Condensate,0,gregtech,,0,fluid.entangled_space,200
f~gregtech~entangled_spacetime,-100,953,true,fluid/gregtech/entangled_spacetime.png,entangled_spacetime,Entangled SpaceTime Bose-Einstein Condensate,0,gregtech,,0,fluid.entangled_spacetime,200
f~gregtech~entangled_time,-100,954,true,fluid/gregtech/entangled_time.png,entangled_time,Entangled Tachyon Rich Bose-Einstein Condensate,0,gregtech,,0,fluid.entangled_time,200
f~gregtech~entangled_transcendentmetal,-100,949,true,fluid/gregtech/entangled_transcendentmetal.png,entangled_transcendentmetal,Entangled Transcendent Metal Bose-Einstein Condensate,0,gregtech,,0,fluid.entangled_transcendentmetal,200
f~gregtech~entangled_universium,-100,959,true,fluid/gregtech/entangled_universium.png,entangled_universium,Entangled Universium Bose-Einstein Condensate,0,gregtech,,0,fluid.entangled_universium,200
f~gregtech~entropiccatalyst,1000,765,false,fluid/gregtech/entropiccatalyst.png,entropiccatalyst,Entropic Catalyst,0,gregtech,,295,fluid.entropiccatalyst,1000
f~gregtech~ethane,-100,555,true,fluid/gregtech/ethane.png,ethane,Ethane,0,gregtech,,295,fluid.ethane,200
f~gregtech~ethenone,-100,562,true,fluid/gregtech/ethenone.png,ethenone,Ethenone,0,gregtech,,295,fluid.ethenone,200
f~gregtech~ethylene,-100,563,true,fluid/gregtech/ethylene.png,ethylene,Ethylene,0,gregtech,,295,fluid.ethylene,200
f~gregtech~ethyleneglycol,1000,778,false,fluid/gregtech/ethyleneglycol.png,ethyleneglycol,Ethylene Glycol,0,gregtech,,260,fluid.ethyleneglycol,1000
f~gregtech~ethyleneoxide,-100,776,true,fluid/gregtech/ethyleneoxide.png,ethyleneoxide,Ethylene Oxide,0,gregtech,,295,fluid.ethyleneoxide,200
f~gregtech~ethyltertbutylether,1000,678,false,fluid/gregtech/ethyltertbutylether.png,ethyltertbutylether,Anti-Knock Agent,0,gregtech,,179,fluid.ethyltertbutylether,1000
f~gregtech~exciteddtcc,1000,162,false,fluid/gregtech/exciteddtcc.png,exciteddtcc,Excited Dimensionally Transcendent Crude Catalyst,0,gregtech,,500000000,fluid.exciteddtcc,1000
f~gregtech~exciteddtec,1000,165,false,fluid/gregtech/exciteddtec.png,exciteddtec,Excited Dimensionally Transcendent Exotic Catalyst,0,gregtech,,500000000,fluid.exciteddtec,1000
f~gregtech~exciteddtpc,1000,163,false,fluid/gregtech/exciteddtpc.png,exciteddtpc,Excited Dimensionally Transcendent Prosaic Catalyst,0,gregtech,,500000000,fluid.exciteddtpc,1000
f~gregtech~exciteddtrc,1000,164,false,fluid/gregtech/exciteddtrc.png,exciteddtrc,Excited Dimensionally Transcendent Resplendent Catalyst,0,gregtech,,500000000,fluid.exciteddtrc,1000
f~gregtech~exciteddtsc,1000,166,false,fluid/gregtech/exciteddtsc.png,exciteddtsc,Excited Dimensionally Transcendent Stellar Catalyst,0,gregtech,,500000000,fluid.exciteddtsc,1000
f~gregtech~fermentedbacterialsludge,1000,160,false,fluid/gregtech/fermentedbacterialsludge.png,fermentedbacterialsludge,Fermented Bacterial Sludge,8,gregtech,,300,fluid.fermentedbacterialsludge,1000
f~gregtech~fermentedbiomass,1000,446,false,fluid/gregtech/fermentedbiomass.png,fermentedbiomass,Fermented Biomass,0,gregtech,,295,fluid.fermentedbiomass,1000
f~gregtech~fieryblood,1000,185,false,fluid/gregtech/fieryblood.png,fieryblood,Fiery Blood,0,gregtech,,6400,fluid.fieryblood,1000
f~gregtech~fishoil,1000,152,false,fluid/gregtech/fishoil.png,fishoil,Fish Oil,0,gregtech,,295,fluid.fishoil,1000
f~gregtech~flocculationwasteliquid,1000,389,false,fluid/gregtech/flocculationwasteliquid.png,flocculationwasteliquid,Flocculation Waste Liquid,0,gregtech,,273,fluid.flocculationwasteliquid,1000
f~gregtech~fluorine,-100,118,true,fluid/gregtech/fluorine.png,fluorine,Fluorine,0,gregtech,,53,fluid.fluorine,200
f~gregtech~franciumslurry,1000,751,false,fluid/gregtech/franciumslurry.png,franciumslurry,Francium Slurry,0,gregtech,,295,fluid.franciumslurry,1000
f~gregtech~gammabutyrolactone,1000,786,false,fluid/gregtech/gammabutyrolactone.png,gammabutyrolactone,gamma-Butyrolactone,0,gregtech,,229,fluid.gammabutyrolactone,1000
f~gregtech~gas_gas,-100,135,true,fluid/gregtech/gas_gas.png,gas_gas,Refinery Gas,0,gregtech,,295,fluid.gas_gas,200
f~gregtech~gas_natural_gas,-100,132,true,fluid/gregtech/gas_natural_gas.png,gas_natural_gas,Natural Gas,0,gregtech,,295,fluid.gas_natural_gas,200
f~gregtech~gas_sulfuricgas,-100,134,true,fluid/gregtech/gas_sulfuricgas.png,gas_sulfuricgas,Sulfuric Gas,0,gregtech,,295,fluid.gas_sulfuricgas,200
f~gregtech~gasoline,1000,681,false,fluid/gregtech/gasoline.png,gasoline,Gasoline,0,gregtech,,295,fluid.gasoline,1000
f~gregtech~glycerol,1000,570,false,fluid/gregtech/glycerol.png,glycerol,Glycerol,0,gregtech,,291,fluid.glycerol,1000
f~gregtech~glyceryl,1000,150,false,fluid/gregtech/glyceryl.png,glyceryl,Glyceryl Trinitrate,0,gregtech,,295,fluid.glyceryl,1000
f~gregtech~grade1purifiedwater,1000,390,false,fluid/gregtech/grade1purifiedwater.png,grade1purifiedwater,Filtered Water (Grade 1),0,gregtech,,273,fluid.grade1purifiedwater,1000
f~gregtech~grade2purifiedwater,1000,391,false,fluid/gregtech/grade2purifiedwater.png,grade2purifiedwater,Ozonated Water (Grade 2),0,gregtech,,273,fluid.grade2purifiedwater,1000
f~gregtech~grade3purifiedwater,1000,392,false,fluid/gregtech/grade3purifiedwater.png,grade3purifiedwater,Flocculated Water (Grade 3),0,gregtech,,273,fluid.grade3purifiedwater,1000
f~gregtech~grade4purifiedwater,1000,393,false,fluid/gregtech/grade4purifiedwater.png,grade4purifiedwater,pH Neutralized Water (Grade 4),0,gregtech,,273,fluid.grade4purifiedwater,1000
f~gregtech~grade5purifiedwater,1000,394,false,fluid/gregtech/grade5purifiedwater.png,grade5purifiedwater,Extreme-Temperature Treated Water (Grade 5),0,gregtech,,273,fluid.grade5purifiedwater,1000
f~gregtech~grade6purifiedwater,1000,395,false,fluid/gregtech/grade6purifiedwater.png,grade6purifiedwater,Ultraviolet Treated Electrically Neutral Water (Grade 6),0,gregtech,,273,fluid.grade6purifiedwater,1000
f~gregtech~grade7purifiedwater,1000,396,false,fluid/gregtech/grade7purifiedwater.png,grade7purifiedwater,Degassed Decontaminant-Free Water (Grade 7),0,gregtech,,273,fluid.grade7purifiedwater,1000
f~gregtech~grade8purifiedwater,1000,397,false,fluid/gregtech/grade8purifiedwater.png,grade8purifiedwater,Subatomically Perfect Water (Grade 8),0,gregtech,,273,fluid.grade8purifiedwater,1000
f~gregtech~greensapphirejuice,1000,802,false,fluid/gregtech/greensapphirejuice.png,greensapphirejuice,Green Sapphire Juice,0,gregtech,,295,fluid.greensapphirejuice,1000
f~gregtech~growthmediumraw,1000,520,false,fluid/gregtech/growthmediumraw.png,growthmediumraw,Raw Growth Catalyst Medium,0,gregtech,,295,fluid.growthmediumraw,1000
f~gregtech~growthmediumsterilized,1000,521,false,fluid/gregtech/growthmediumsterilized.png,growthmediumsterilized,Growth Catalyst Medium,0,gregtech,,295,fluid.growthmediumsterilized,1000
f~gregtech~headedbauxiteslurry,1000,800,false,fluid/gregtech/headedbauxiteslurry.png,headedbauxiteslurry,Heated Bauxite Slurry,0,gregtech,,295,fluid.headedbauxiteslurry,1000
f~gregtech~heavyradox,1000,726,false,fluid/gregtech/heavyradox.png,heavyradox,Heavy Radox,0,gregtech,,295,fluid.heavyradox,1000
f~gregtech~helium,-100,115,true,fluid/gregtech/helium.png,helium,Helium,0,gregtech,,295,fluid.helium,200
f~gregtech~helium-3,-100,120,true,fluid/gregtech/helium-3.png,helium-3,Helium-3,0,gregtech,,295,fluid.helium-3,200
f~gregtech~hexachlorodisilane,1000,610,false,fluid/gregtech/hexachlorodisilane.png,hexachlorodisilane,Hexachlorodisilane,0,gregtech,,272,fluid.hexachlorodisilane,1000
f~gregtech~highoctanegasoline,1000,679,false,fluid/gregtech/highoctanegasoline.png,highoctanegasoline,High Octane Gasoline,0,gregtech,,295,fluid.highoctanegasoline,1000
f~gregtech~holywater,1000,186,false,fluid/gregtech/holywater.png,holywater,Holy Water,0,gregtech,,295,fluid.holywater,1000
f~gregtech~hotfryingoil,1000,156,false,fluid/gregtech/hotfryingoil.png,hotfryingoil,Hot Frying Oil,0,gregtech,,400,fluid.hotfryingoil,1000
f~gregtech~hydrochloricacid_gt5u,1000,571,false,fluid/gregtech/hydrochloricacid_gt5u.png,hydrochloricacid_gt5u,Hydrochloric Acid,0,gregtech,,247,fluid.hydrochloricacid_gt5u,1000
f~gregtech~hydrofluoricacid_gt5u,1000,572,false,fluid/gregtech/hydrofluoricacid_gt5u.png,hydrofluoricacid_gt5u,Hydrofluoric Acid,0,gregtech,,190,fluid.hydrofluoricacid_gt5u,1000
f~gregtech~hydrogen,-100,112,true,fluid/gregtech/hydrogen.png,hydrogen,Hydrogen,0,gregtech,,295,fluid.hydrogen,200
f~gregtech~hypochlorousacid,1000,573,false,fluid/gregtech/hypochlorousacid.png,hypochlorousacid,Hypochlorous Acid,0,gregtech,,161,fluid.hypochlorousacid,1000
f~gregtech~impurefranciumsolution,1000,750,false,fluid/gregtech/impurefranciumsolution.png,impurefranciumsolution,Impure Francium Solution,0,gregtech,,295,fluid.impurefranciumsolution,1000
f~gregtech~inactivecosmicsolder,1000,182,false,fluid/gregtech/inactivecosmicsolder.png,inactivecosmicsolder,Inactive Cosmic Solder,0,gregtech,,1000000,fluid.inactivecosmicsolder,1000
f~gregtech~indigo,1000,188,false,fluid/gregtech/indigo.png,indigo,Indigo Dye,0,gregtech,,295,fluid.indigo,1000
f~gregtech~indiumconcentrate,1000,1473,false,fluid/gregtech/indiumconcentrate.png,indiumconcentrate,Indium Concentrate,0,gregtech,,295,fluid.indiumconcentrate,1000
f~gregtech~ironiiichloride,1000,574,false,fluid/gregtech/ironiiichloride.png,ironiiichloride,Iron III Chloride,0,gregtech,,273,fluid.ironiiichloride,1000
f~gregtech~isobutyraldehyde,1000,774,false,fluid/gregtech/isobutyraldehyde.png,isobutyraldehyde,Isobutyraldehyde,0,gregtech,,208,fluid.isobutyraldehyde,1000
f~gregtech~isoprene,1000,575,false,fluid/gregtech/isoprene.png,isoprene,Isoprene,0,gregtech,,129,fluid.isoprene,1000
f~gregtech~isopropylbenzene,1000,549,false,fluid/gregtech/isopropylbenzene.png,isopropylbenzene,Isopropylbenzene,0,gregtech,,177,fluid.isopropylbenzene,1000
f~gregtech~leadzincsolution,1000,1474,false,fluid/gregtech/leadzincsolution.png,leadzincsolution,Lead-Zinc Solution,0,gregtech,,295,fluid.leadzincsolution,1000
f~gregtech~lightlyhydrocracked.butadiene,-100,524,true,fluid/gregtech/lightlyhydrocracked.butadiene.png,lightlyhydrocracked.butadiene,Lightly Hydro-Cracked Butadiene,0,gregtech,,775,fluid.lightlyhydrocracked.butadiene,200
f~gregtech~lightlyhydrocracked.butane,-100,531,true,fluid/gregtech/lightlyhydrocracked.butane.png,lightlyhydrocracked.butane,Lightly Hydro-Cracked Butane,0,gregtech,,775,fluid.lightlyhydrocracked.butane,200
f~gregtech~lightlyhydrocracked.butene,-100,538,true,fluid/gregtech/lightlyhydrocracked.butene.png,lightlyhydrocracked.butene,Lightly Hydro-Cracked Butene,0,gregtech,,775,fluid.lightlyhydrocracked.butene,200
f~gregtech~lightlyhydrocracked.ethane,-100,556,true,fluid/gregtech/lightlyhydrocracked.ethane.png,lightlyhydrocracked.ethane,Lightly Hydro-Cracked Ethane,0,gregtech,,775,fluid.lightlyhydrocracked.ethane,200
f~gregtech~lightlyhydrocracked.ethylene,-100,564,true,fluid/gregtech/lightlyhydrocracked.ethylene.png,lightlyhydrocracked.ethylene,Lightly Hydro-Cracked Ethylene,0,gregtech,,775,fluid.lightlyhydrocracked.ethylene,200
f~gregtech~lightlyhydrocracked.gas,-100,493,true,fluid/gregtech/lightlyhydrocracked.gas.png,lightlyhydrocracked.gas,Lightly Hydro-Cracked Refinery Gas,0,gregtech,,775,fluid.lightlyhydrocracked.gas,200
f~gregtech~lightlyhydrocracked.heavyfuel,-100,499,true,fluid/gregtech/lightlyhydrocracked.heavyfuel.png,lightlyhydrocracked.heavyfuel,Lightly Hydro-Cracked Heavy Fuel,0,gregtech,,775,fluid.lightlyhydrocracked.heavyfuel,200
f~gregtech~lightlyhydrocracked.lightfuel,-100,505,true,fluid/gregtech/lightlyhydrocracked.lightfuel.png,lightlyhydrocracked.lightfuel,Lightly Hydro-Cracked Light Fuel,0,gregtech,,775,fluid.lightlyhydrocracked.lightfuel,200
f~gregtech~lightlyhydrocracked.naphtha,-100,511,true,fluid/gregtech/lightlyhydrocracked.naphtha.png,lightlyhydrocracked.naphtha,Lightly Hydro-Cracked Naphtha,0,gregtech,,775,fluid.lightlyhydrocracked.naphtha,200
f~gregtech~lightlyhydrocracked.propane,-100,587,true,fluid/gregtech/lightlyhydrocracked.propane.png,lightlyhydrocracked.propane,Lightly Hydro-Cracked Propane,0,gregtech,,775,fluid.lightlyhydrocracked.propane,200
f~gregtech~lightlyhydrocracked.propene,-100,594,true,fluid/gregtech/lightlyhydrocracked.propene.png,lightlyhydrocracked.propene,Lightly Hydro-Cracked Propene,0,gregtech,,775,fluid.lightlyhydrocracked.propene,200
f~gregtech~lightlysteamcracked.butadiene,-100,527,true,fluid/gregtech/lightlysteamcracked.butadiene.png,lightlysteamcracked.butadiene,Lightly Steam-Cracked Butadiene,0,gregtech,,775,fluid.lightlysteamcracked.butadiene,200
f~gregtech~lightlysteamcracked.butane,-100,534,true,fluid/gregtech/lightlysteamcracked.butane.png,lightlysteamcracked.butane,Lightly Steam-Cracked Butane,0,gregtech,,775,fluid.lightlysteamcracked.butane,200
f~gregtech~lightlysteamcracked.butene,-100,541,true,fluid/gregtech/lightlysteamcracked.butene.png,lightlysteamcracked.butene,Lightly Steam-Cracked Butene,0,gregtech,,775,fluid.lightlysteamcracked.butene,200
f~gregtech~lightlysteamcracked.ethane,-100,559,true,fluid/gregtech/lightlysteamcracked.ethane.png,lightlysteamcracked.ethane,Lightly Steam-Cracked Ethane,0,gregtech,,775,fluid.lightlysteamcracked.ethane,200
f~gregtech~lightlysteamcracked.ethylene,-100,567,true,fluid/gregtech/lightlysteamcracked.ethylene.png,lightlysteamcracked.ethylene,Lightly Steam-Cracked Ethylene,0,gregtech,,775,fluid.lightlysteamcracked.ethylene,200
f~gregtech~lightlysteamcracked.gas,-100,496,true,fluid/gregtech/lightlysteamcracked.gas.png,lightlysteamcracked.gas,Lightly Steam-Cracked Refinery Gas,0,gregtech,,775,fluid.lightlysteamcracked.gas,200
f~gregtech~lightlysteamcracked.heavyfuel,-100,502,true,fluid/gregtech/lightlysteamcracked.heavyfuel.png,lightlysteamcracked.heavyfuel,Lightly Steam-Cracked Heavy Fuel,0,gregtech,,775,fluid.lightlysteamcracked.heavyfuel,200
f~gregtech~lightlysteamcracked.lightfuel,-100,508,true,fluid/gregtech/lightlysteamcracked.lightfuel.png,lightlysteamcracked.lightfuel,Lightly Steam-Cracked Light Fuel,0,gregtech,,775,fluid.lightlysteamcracked.lightfuel,200
f~gregtech~lightlysteamcracked.naphtha,-100,514,true,fluid/gregtech/lightlysteamcracked.naphtha.png,lightlysteamcracked.naphtha,Lightly Steam-Cracked Naphtha,0,gregtech,,775,fluid.lightlysteamcracked.naphtha,200
f~gregtech~lightlysteamcracked.propane,-100,590,true,fluid/gregtech/lightlysteamcracked.propane.png,lightlysteamcracked.propane,Lightly Steam-Cracked Propane,0,gregtech,,775,fluid.lightlysteamcracked.propane,200
f~gregtech~lightlysteamcracked.propene,-100,597,true,fluid/gregtech/lightlysteamcracked.propene.png,lightlysteamcracked.propene,Lightly Steam-Cracked Propene,0,gregtech,,775,fluid.lightlysteamcracked.propene,200
f~gregtech~lightradox,-100,727,true,fluid/gregtech/lightradox.png,lightradox,Light Radox,0,gregtech,,295,fluid.lightradox,200
f~gregtech~liquid_drillingfluid,1000,126,false,fluid/gregtech/liquid_drillingfluid.png,liquid_drillingfluid,Drilling Fluid,0,gregtech,,295,fluid.liquid_drillingfluid,1000
f~gregtech~liquid_epichlorhydrin,1000,125,false,fluid/gregtech/liquid_epichlorhydrin.png,liquid_epichlorhydrin,Epichlorohydrin,0,gregtech,,295,fluid.liquid_epichlorhydrin,1000
f~gregtech~liquid_extra_heavy_oil,1000,124,false,fluid/gregtech/liquid_extra_heavy_oil.png,liquid_extra_heavy_oil,Very Heavy Oil,0,gregtech,,295,fluid.liquid_extra_heavy_oil,1000
f~gregtech~liquid_heavy_fuel,1000,141,false,fluid/gregtech/liquid_heavy_fuel.png,liquid_heavy_fuel,Heavy Fuel,0,gregtech,,295,fluid.liquid_heavy_fuel,1000
f~gregtech~liquid_heavy_oil,1000,129,false,fluid/gregtech/liquid_heavy_oil.png,liquid_heavy_oil,Heavy Oil,0,gregtech,,295,fluid.liquid_heavy_oil,1000
f~gregtech~liquid_hydricsulfur,-100,133,true,fluid/gregtech/liquid_hydricsulfur.png,liquid_hydricsulfur,Hydrogen Sulfide,0,gregtech,,295,fluid.liquid_hydricsulfur,200
f~gregtech~liquid_light_fuel,1000,140,false,fluid/gregtech/liquid_light_fuel.png,liquid_light_fuel,Light Fuel,0,gregtech,,295,fluid.liquid_light_fuel,1000
f~gregtech~liquid_light_oil,1000,131,false,fluid/gregtech/liquid_light_oil.png,liquid_light_oil,Light Oil,0,gregtech,,295,fluid.liquid_light_oil,1000
f~gregtech~liquid_lpg,1000,142,false,fluid/gregtech/liquid_lpg.png,liquid_lpg,LPG,0,gregtech,,295,fluid.liquid_lpg,1000
f~gregtech~liquid_medium_oil,1000,130,false,fluid/gregtech/liquid_medium_oil.png,liquid_medium_oil,Raw Oil,0,gregtech,,295,fluid.liquid_medium_oil,1000
f~gregtech~liquid_naphtha,1000,139,false,fluid/gregtech/liquid_naphtha.png,liquid_naphtha,Naphtha,0,gregtech,,295,fluid.liquid_naphtha,1000
f~gregtech~liquid_nitrationmixture,1000,128,false,fluid/gregtech/liquid_nitrationmixture.png,liquid_nitrationmixture,Nitration Mixture,0,gregtech,,295,fluid.liquid_nitrationmixture,1000
f~gregtech~liquid_sodium,1000,941,false,fluid/gregtech/liquid_sodium.png,liquid_sodium,Liquid Sodium,0,gregtech,,495,fluid.liquid_sodium,1000
f~gregtech~liquid_sufluriclight_fuel,1000,137,false,fluid/gregtech/liquid_sufluriclight_fuel.png,liquid_sufluriclight_fuel,Sulfuric Light Fuel,0,gregtech,,295,fluid.liquid_sufluriclight_fuel,1000
f~gregtech~liquid_sulfuricheavy_fuel,1000,138,false,fluid/gregtech/liquid_sulfuricheavy_fuel.png,liquid_sulfuricheavy_fuel,Sulfuric Heavy Fuel,0,gregtech,,295,fluid.liquid_sulfuricheavy_fuel,1000
f~gregtech~liquid_sulfuricnaphtha,1000,136,false,fluid/gregtech/liquid_sulfuricnaphtha.png,liquid_sulfuricnaphtha,Sulfuric Naphtha,0,gregtech,,295,fluid.liquid_sulfuricnaphtha,1000
f~gregtech~liquid_toluene,1000,127,false,fluid/gregtech/liquid_toluene.png,liquid_toluene,Toluene,0,gregtech,,295,fluid.liquid_toluene,1000
f~gregtech~liquidair,1000,110,false,fluid/gregtech/liquidair.png,liquidair,Liquid Air,0,gregtech,,77,fluid.liquidair,1000
f~gregtech~liquidcrystalkevlar,1000,787,false,fluid/gregtech/liquidcrystalkevlar.png,liquidcrystalkevlar,Liquid Crystal Kevlar,0,gregtech,,295,fluid.liquidcrystalkevlar,1000
f~gregtech~liquidnitrogen,-100,109,true,fluid/gregtech/liquidnitrogen.png,liquidnitrogen,Liquid Nitrogen,0,gregtech,,77,fluid.liquidnitrogen,200
f~gregtech~liquidoxygen,-100,108,true,fluid/gregtech/liquidoxygen.png,liquidoxygen,Liquid Oxygen,0,gregtech,,60,fluid.liquidoxygen,200
f~gregtech~lubricant,1000,151,false,fluid/gregtech/lubricant.png,lubricant,Lubricant,0,gregtech,,295,fluid.lubricant,1000
f~gregtech~mcguffium,1000,154,false,fluid/gregtech/mcguffium.png,mcguffium,Mc Guffium 239,0,gregtech,,295,fluid.mcguffium,1000
f~gregtech~mercury,1000,147,false,fluid/gregtech/mercury.png,mercury,Mercury,0,gregtech,,295,fluid.mercury,1000
f~gregtech~methane,-100,121,true,fluid/gregtech/methane.png,methane,Methane,0,gregtech,,295,fluid.methane,200
f~gregtech~methanol,1000,576,false,fluid/gregtech/methanol.png,methanol,Methanol,0,gregtech,,176,fluid.methanol,1000
f~gregtech~methylacetate,1000,577,false,fluid/gregtech/methylacetate.png,methylacetate,Methyl Acetate,0,gregtech,,190,fluid.methylacetate,1000
f~gregtech~methylamine,-100,784,true,fluid/gregtech/methylamine.png,methylamine,Methylamine,0,gregtech,,295,fluid.methylamine,200
f~gregtech~moderatelyhydrocracked.butadiene,-100,525,true,fluid/gregtech/moderatelyhydrocracked.butadiene.png,moderatelyhydrocracked.butadiene,Moderately Hydro-Cracked Butadiene,0,gregtech,,775,fluid.moderatelyhydrocracked.butadiene,200
f~gregtech~moderatelyhydrocracked.butane,-100,532,true,fluid/gregtech/moderatelyhydrocracked.butane.png,moderatelyhydrocracked.butane,Moderately Hydro-Cracked Butane,0,gregtech,,775,fluid.moderatelyhydrocracked.butane,200
f~gregtech~moderatelyhydrocracked.butene,-100,539,true,fluid/gregtech/moderatelyhydrocracked.butene.png,moderatelyhydrocracked.butene,Moderately Hydro-Cracked Butene,0,gregtech,,775,fluid.moderatelyhydrocracked.butene,200
f~gregtech~moderatelyhydrocracked.ethane,-100,557,true,fluid/gregtech/moderatelyhydrocracked.ethane.png,moderatelyhydrocracked.ethane,Moderately Hydro-Cracked Ethane,0,gregtech,,775,fluid.moderatelyhydrocracked.ethane,200
f~gregtech~moderatelyhydrocracked.ethylene,-100,565,true,fluid/gregtech/moderatelyhydrocracked.ethylene.png,moderatelyhydrocracked.ethylene,Moderately Hydro-Cracked Ethylene,0,gregtech,,775,fluid.moderatelyhydrocracked.ethylene,200
f~gregtech~moderatelyhydrocracked.gas,-100,494,true,fluid/gregtech/moderatelyhydrocracked.gas.png,moderatelyhydrocracked.gas,Moderately Hydro-Cracked Refinery Gas,0,gregtech,,775,fluid.moderatelyhydrocracked.gas,200
f~gregtech~moderatelyhydrocracked.heavyfuel,-100,500,true,fluid/gregtech/moderatelyhydrocracked.heavyfuel.png,moderatelyhydrocracked.heavyfuel,Moderately Hydro-Cracked Heavy Fuel,0,gregtech,,775,fluid.moderatelyhydrocracked.heavyfuel,200
f~gregtech~moderatelyhydrocracked.lightfuel,-100,506,true,fluid/gregtech/moderatelyhydrocracked.lightfuel.png,moderatelyhydrocracked.lightfuel,Moderately Hydro-Cracked Light Fuel,0,gregtech,,775,fluid.moderatelyhydrocracked.lightfuel,200
f~gregtech~moderatelyhydrocracked.naphtha,-100,512,true,fluid/gregtech/moderatelyhydrocracked.naphtha.png,moderatelyhydrocracked.naphtha,Moderately Hydro-Cracked Naphtha,0,gregtech,,775,fluid.moderatelyhydrocracked.naphtha,200
f~gregtech~moderatelyhydrocracked.propane,-100,588,true,fluid/gregtech/moderatelyhydrocracked.propane.png,moderatelyhydrocracked.propane,Moderately Hydro-Cracked Propane,0,gregtech,,775,fluid.moderatelyhydrocracked.propane,200
f~gregtech~moderatelyhydrocracked.propene,-100,595,true,fluid/gregtech/moderatelyhydrocracked.propene.png,moderatelyhydrocracked.propene,Moderately Hydro-Cracked Propene,0,gregtech,,775,fluid.moderatelyhydrocracked.propene,200
f~gregtech~moderatelysteamcracked.butadiene,-100,528,true,fluid/gregtech/moderatelysteamcracked.butadiene.png,moderatelysteamcracked.butadiene,Moderately Steam-Cracked Butadiene,0,gregtech,,775,fluid.moderatelysteamcracked.butadiene,200
f~gregtech~moderatelysteamcracked.butane,-100,535,true,fluid/gregtech/moderatelysteamcracked.butane.png,moderatelysteamcracked.butane,Moderately Steam-Cracked Butane,0,gregtech,,775,fluid.moderatelysteamcracked.butane,200
f~gregtech~moderatelysteamcracked.butene,-100,542,true,fluid/gregtech/moderatelysteamcracked.butene.png,moderatelysteamcracked.butene,Moderately Steam-Cracked Butene,0,gregtech,,775,fluid.moderatelysteamcracked.butene,200
f~gregtech~moderatelysteamcracked.ethane,-100,560,true,fluid/gregtech/moderatelysteamcracked.ethane.png,moderatelysteamcracked.ethane,Moderately Steam-Cracked Ethane,0,gregtech,,775,fluid.moderatelysteamcracked.ethane,200
f~gregtech~moderatelysteamcracked.ethylene,-100,568,true,fluid/gregtech/moderatelysteamcracked.ethylene.png,moderatelysteamcracked.ethylene,Moderately Steam-Cracked Ethylene,0,gregtech,,775,fluid.moderatelysteamcracked.ethylene,200
f~gregtech~moderatelysteamcracked.gas,-100,497,true,fluid/gregtech/moderatelysteamcracked.gas.png,moderatelysteamcracked.gas,Moderately Steam-Cracked Refinery Gas,0,gregtech,,775,fluid.moderatelysteamcracked.gas,200
f~gregtech~moderatelysteamcracked.heavyfuel,-100,503,true,fluid/gregtech/moderatelysteamcracked.heavyfuel.png,moderatelysteamcracked.heavyfuel,Moderately Steam-Cracked Heavy Fuel,0,gregtech,,775,fluid.moderatelysteamcracked.heavyfuel,200
f~gregtech~moderatelysteamcracked.lightfuel,-100,509,true,fluid/gregtech/moderatelysteamcracked.lightfuel.png,moderatelysteamcracked.lightfuel,Moderately Steam-Cracked Light Fuel,0,gregtech,,775,fluid.moderatelysteamcracked.lightfuel,200
f~gregtech~moderatelysteamcracked.naphtha,-100,515,true,fluid/gregtech/moderatelysteamcracked.naphtha.png,moderatelysteamcracked.naphtha,Moderately Steam-Cracked Naphtha,0,gregtech,,775,fluid.moderatelysteamcracked.naphtha,200
f~gregtech~moderatelysteamcracked.propane,-100,591,true,fluid/gregtech/moderatelysteamcracked.propane.png,moderatelysteamcracked.propane,Moderately Steam-Cracked Propane,0,gregtech,,775,fluid.moderatelysteamcracked.propane,200
f~gregtech~moderatelysteamcracked.propene,-100,598,true,fluid/gregtech/moderatelysteamcracked.propene.png,moderatelysteamcracked.propene,Moderately Steam-Cracked Propene,0,gregtech,,775,fluid.moderatelysteamcracked.propene,200
f~gregtech~molten.adamantium,1000,408,false,fluid/gregtech/molten.adamantium.png,molten.adamantium,Molten Adamantium,15,gregtech,,7200,fluid.molten.adamantium,1000
f~gregtech~molten.adluorite,1000,409,false,fluid/gregtech/molten.adluorite.png,molten.adluorite,Molten Adluorite,1,gregtech,,1000,fluid.molten.adluorite,1000
f~gregtech~molten.alduorite,1000,410,false,fluid/gregtech/molten.alduorite.png,molten.alduorite,Molten Alduorite,15,gregtech,,6600,fluid.molten.alduorite,1000
f~gregtech~molten.aluminium,1000,230,false,fluid/gregtech/molten.aluminium.png,molten.aluminium,Molten Aluminium,0,gregtech,,933,fluid.molten.aluminium,1000
f~gregtech~molten.aluminiumbrass,1000,453,false,fluid/gregtech/molten.aluminiumbrass.png,molten.aluminiumbrass,Molten Aluminium Brass,1,gregtech,,1000,fluid.molten.aluminiumbrass,1000
f~gregtech~molten.alumite,1000,626,false,fluid/gregtech/molten.alumite.png,molten.alumite,Molten Obzinite,0,gregtech,,929,fluid.molten.alumite,1000
f~gregtech~molten.americium,1000,232,false,fluid/gregtech/molten.americium.png,molten.americium,Molten Americium,3,gregtech,,1449,fluid.molten.americium,1000
f~gregtech~molten.amordrine,1000,411,false,fluid/gregtech/molten.amordrine.png,molten.amordrine,Molten Amordrine,1,gregtech,,1000,fluid.molten.amordrine,1000
f~gregtech~molten.annealedcopper,1000,459,false,fluid/gregtech/molten.annealedcopper.png,molten.annealedcopper,Molten Annealed Copper,2,gregtech,,1357,fluid.molten.annealedcopper,1000
f~gregtech~molten.antimony,1000,234,false,fluid/gregtech/molten.antimony.png,molten.antimony,Molten Antimony,0,gregtech,,903,fluid.molten.antimony,1000
f~gregtech~molten.ardite,1000,412,false,fluid/gregtech/molten.ardite.png,molten.ardite,Molten Ardite,4,gregtech,,1600,fluid.molten.ardite,1000
f~gregtech~molten.aredrite,1000,414,false,fluid/gregtech/molten.aredrite.png,molten.aredrite,Molten Aredrite,1,gregtech,,1000,fluid.molten.aredrite,1000
f~gregtech~molten.arsenic,1000,237,false,fluid/gregtech/molten.arsenic.png,molten.arsenic,Molten Arsenic,1,gregtech,,1090,fluid.molten.arsenic,1000
f~gregtech~molten.astralsilver,1000,698,false,fluid/gregtech/molten.astralsilver.png,molten.astralsilver,Molten Astral Silver,6,gregtech,,1957,fluid.molten.astralsilver,1000
f~gregtech~molten.barium,1000,239,false,fluid/gregtech/molten.barium.png,molten.barium,Molten Barium,1,gregtech,,1000,fluid.molten.barium,1000
f~gregtech~molten.batteryalloy,1000,460,false,fluid/gregtech/molten.batteryalloy.png,molten.batteryalloy,Molten Battery Alloy,0,gregtech,,660,fluid.molten.batteryalloy,1000
f~gregtech~molten.bedrockium,1000,706,false,fluid/gregtech/molten.bedrockium.png,molten.bedrockium,Molten Bedrockium,15,gregtech,,9900,fluid.molten.bedrockium,1000
f~gregtech~molten.beryllium,1000,241,false,fluid/gregtech/molten.beryllium.png,molten.beryllium,Molten Beryllium,4,gregtech,,1560,fluid.molten.beryllium,1000
f~gregtech~molten.bismuth,1000,243,false,fluid/gregtech/molten.bismuth.png,molten.bismuth,Molten Bismuth,0,gregtech,,544,fluid.molten.bismuth,1000
f~gregtech~molten.bismuthbronze,1000,627,false,fluid/gregtech/molten.bismuthbronze.png,molten.bismuthbronze,Molten Bismuth Bronze,1,gregtech,,1061,fluid.molten.bismuthbronze,1000
f~gregtech~molten.bisphenol_a,1000,144,false,fluid/gregtech/molten.bisphenol_a.png,molten.bisphenol_a,Molten Bisphenol A,0,gregtech,,432,fluid.molten.bisphenol_a,1000
f~gregtech~molten.blackbronze,1000,628,false,fluid/gregtech/molten.blackbronze.png,molten.blackbronze,Molten Black Bronze,2,gregtech,,1328,fluid.molten.blackbronze,1000
f~gregtech~molten.blackdwarfmatter,1000,815,false,fluid/gregtech/molten.blackdwarfmatter.png,molten.blackdwarfmatter,Molten Black Dwarf Matter,0,gregtech,,0,fluid.molten.blackdwarfmatter,1000
f~gregtech~molten.blackplutonium,1000,691,false,fluid/gregtech/molten.blackplutonium.png,molten.blackplutonium,Molten Black Plutonium,15,gregtech,,9000,fluid.molten.blackplutonium,1000
f~gregtech~molten.blacksteel,1000,629,false,fluid/gregtech/molten.blacksteel.png,molten.blacksteel,Molten Black Steel,4,gregtech,,1697,fluid.molten.blacksteel,1000
f~gregtech~molten.blaze,1000,223,false,fluid/gregtech/molten.blaze.png,molten.blaze,Molten Blaze,15,gregtech,,6400,fluid.molten.blaze,1000
f~gregtech~molten.bloodinfusediron,1000,686,false,fluid/gregtech/molten.bloodinfusediron.png,molten.bloodinfusediron,Molten Blood Infused Iron,8,gregtech,,2400,fluid.molten.bloodinfusediron,1000
f~gregtech~molten.bluealloy,1000,699,false,fluid/gregtech/molten.bluealloy.png,molten.bluealloy,Molten Blue Alloy,0,gregtech,,960,fluid.molten.bluealloy,1000
f~gregtech~molten.bluesteel,1000,650,false,fluid/gregtech/molten.bluesteel.png,molten.bluesteel,Molten Blue Steel,4,gregtech,,1617,fluid.molten.bluesteel,1000
f~gregtech~molten.blutonium,1000,415,false,fluid/gregtech/molten.blutonium.png,molten.blutonium,Molten Blutonium,1,gregtech,,1000,fluid.molten.blutonium,1000
f~gregtech~molten.boron,1000,245,false,fluid/gregtech/molten.boron.png,molten.boron,Molten Boron,8,gregtech,,2349,fluid.molten.boron,1000
f~gregtech~molten.borosilicateglass,1000,651,false,fluid/gregtech/molten.borosilicateglass.png,molten.borosilicateglass,Molten Borosilicate Glass,4,gregtech,,1606,fluid.molten.borosilicateglass,1000
f~gregtech~molten.brass,1000,462,false,fluid/gregtech/molten.brass.png,molten.brass,Molten Brass,2,gregtech,,1190,fluid.molten.brass,1000
f~gregtech~molten.bronze,1000,463,false,fluid/gregtech/molten.bronze.png,molten.bronze,Molten Bronze,1,gregtech,,1144,fluid.molten.bronze,1000
f~gregtech~molten.caesium,1000,247,false,fluid/gregtech/molten.caesium.png,molten.caesium,Molten Caesium,0,gregtech,,301,fluid.molten.caesium,1000
f~gregtech~molten.callistoice,1000,692,false,fluid/gregtech/molten.callistoice.png,molten.callistoice,Molten Callisto Ice,1,gregtech,,1000,fluid.molten.callistoice,1000
f~gregtech~molten.castiron,1000,624,false,fluid/gregtech/molten.castiron.png,molten.castiron,Molten Cast Iron,5,gregtech,,1811,fluid.molten.castiron,1000
f~gregtech~molten.cerium,1000,252,false,fluid/gregtech/molten.cerium.png,molten.cerium,Molten Cerium,1,gregtech,,1068,fluid.molten.cerium,1000
f~gregtech~molten.ceruclase,1000,416,false,fluid/gregtech/molten.ceruclase.png,molten.ceruclase,Molten Ceruclase,15,gregtech,,6600,fluid.molten.ceruclase,1000
f~gregtech~molten.cheese,1000,445,false,fluid/gregtech/molten.cheese.png,molten.cheese,Molten Cheese,0,gregtech,,320,fluid.molten.cheese,1000
f~gregtech~molten.chrome,1000,255,false,fluid/gregtech/molten.chrome.png,molten.chrome,Molten Chrome,7,gregtech,,2180,fluid.molten.chrome,1000
f~gregtech~molten.chromiumdioxide,1000,465,false,fluid/gregtech/molten.chromiumdioxide.png,molten.chromiumdioxide,Molten Chromium Dioxide,0,gregtech,,650,fluid.molten.chromiumdioxide,1000
f~gregtech~molten.chrysotile,1000,630,false,fluid/gregtech/molten.chrysotile.png,molten.chrysotile,Molten Chrysotile,15,gregtech,,9400,fluid.molten.chrysotile,1000
f~gregtech~molten.churitsu,1000,832,false,fluid/gregtech/molten.churitsu.png,molten.churitsu,Molten Churitsu,1,gregtech,,1000,fluid.molten.churitsu,1000
f~gregtech~molten.cobalt,1000,257,false,fluid/gregtech/molten.cobalt.png,molten.cobalt,Molten Cobalt,5,gregtech,,1768,fluid.molten.cobalt,1000
f~gregtech~molten.cobaltbrass,1000,631,false,fluid/gregtech/molten.cobaltbrass.png,molten.cobaltbrass,Molten Cobalt Brass,1,gregtech,,1178,fluid.molten.cobaltbrass,1000
f~gregtech~molten.conductiveiron,1000,658,false,fluid/gregtech/molten.conductiveiron.png,molten.conductiveiron,Molten Conductive Iron,2,gregtech,,1238,fluid.molten.conductiveiron,1000
f~gregtech~molten.copper,1000,259,false,fluid/gregtech/molten.copper.png,molten.copper,Molten Copper,2,gregtech,,1357,fluid.molten.copper,1000
f~gregtech~molten.cosmicneutronium,1000,179,false,fluid/gregtech/molten.cosmicneutronium.png,molten.cosmicneutronium,Molten Cosmic Neutronium,15,gregtech,,9900,fluid.molten.cosmicneutronium,1000
f~gregtech~molten.creon,1000,823,false,fluid/gregtech/molten.creon.png,molten.creon,Molten Creon,1,gregtech,,1000,fluid.molten.creon,1000
f~gregtech~molten.crudesteel,1000,700,false,fluid/gregtech/molten.crudesteel.png,molten.crudesteel,Molten Clay Compound,0,gregtech,,167,fluid.molten.crudesteel,1000
f~gregtech~molten.crystallinealloy,1000,663,false,fluid/gregtech/molten.crystallinealloy.png,molten.crystallinealloy,Molten Crystalline Alloy,15,gregtech,,4500,fluid.molten.crystallinealloy,1000
f~gregtech~molten.crystallinepinkslime,1000,667,false,fluid/gregtech/molten.crystallinepinkslime.png,molten.crystallinepinkslime,Molten Crystalline Pink Slime,15,gregtech,,5000,fluid.molten.crystallinepinkslime,1000
f~gregtech~molten.cupronickel,1000,466,false,fluid/gregtech/molten.cupronickel.png,molten.cupronickel,Molten Cupronickel,4,gregtech,,1542,fluid.molten.cupronickel,1000
f~gregtech~molten.damascussteel,1000,632,false,fluid/gregtech/molten.damascussteel.png,molten.damascussteel,Molten Damascus Steel,6,gregtech,,2000,fluid.molten.damascussteel,1000
f~gregtech~molten.darkiron,1000,417,false,fluid/gregtech/molten.darkiron.png,molten.darkiron,Molten Deep Dark Iron,1,gregtech,,1000,fluid.molten.darkiron,1000
f~gregtech~molten.darksteel,1000,652,false,fluid/gregtech/molten.darksteel.png,molten.darksteel,Molten Dark Steel,0,gregtech,,817,fluid.molten.darksteel,1000
f~gregtech~molten.darkthaumium,1000,398,false,fluid/gregtech/molten.darkthaumium.png,molten.darkthaumium,Molten Dark Thaumium,1,gregtech,,1000,fluid.molten.darkthaumium,1000
f~gregtech~molten.deepiron,1000,467,false,fluid/gregtech/molten.deepiron.png,molten.deepiron,Molten Deep Iron,15,gregtech,,7500,fluid.molten.deepiron,1000
f~gregtech~molten.desh,1000,261,false,fluid/gregtech/molten.desh.png,molten.desh,Molten Desh,9,gregtech,,2500,fluid.molten.desh,1000
f~gregtech~molten.desichalkos,1000,418,false,fluid/gregtech/molten.desichalkos.png,molten.desichalkos,Molten Desichalkos,1,gregtech,,1000,fluid.molten.desichalkos,1000
f~gregtech~molten.draconium,1000,399,false,fluid/gregtech/molten.draconium.png,molten.draconium,Molten Draconium,15,gregtech,,5000,fluid.molten.draconium,1000
f~gregtech~molten.draconiumawakened,1000,401,false,fluid/gregtech/molten.draconiumawakened.png,molten.draconiumawakened,Molten Awakened Draconium,15,gregtech,,9900,fluid.molten.draconiumawakened,1000
f~gregtech~molten.duralumin,1000,693,false,fluid/gregtech/molten.duralumin.png,molten.duralumin,Molten Duralumin,4,gregtech,,1600,fluid.molten.duralumin,1000
f~gregtech~molten.duranium,1000,419,false,fluid/gregtech/molten.duranium.png,molten.duranium,Molten Duranium,1,gregtech,,1000,fluid.molten.duranium,1000
f~gregtech~molten.dysprosium,1000,263,false,fluid/gregtech/molten.dysprosium.png,molten.dysprosium,Molten Dysprosium,4,gregtech,,1680,fluid.molten.dysprosium,1000
f~gregtech~molten.electricalsteel,1000,634,false,fluid/gregtech/molten.electricalsteel.png,molten.electricalsteel,Molten Electrical Steel,5,gregtech,,1811,fluid.molten.electricalsteel,1000
f~gregtech~molten.electrotine,1000,687,false,fluid/gregtech/molten.electrotine.png,molten.electrotine,Molten Electrotine,0,gregtech,,892,fluid.molten.electrotine,1000
f~gregtech~molten.electrum,1000,469,false,fluid/gregtech/molten.electrum.png,molten.electrum,Molten Electrum,2,gregtech,,1285,fluid.molten.electrum,1000
f~gregtech~molten.electrumflux,1000,420,false,fluid/gregtech/molten.electrumflux.png,molten.electrumflux,Molten Fluxed Electrum,15,gregtech,,9000,fluid.molten.electrumflux,1000
f~gregtech~molten.elvenelementium,1000,769,false,fluid/gregtech/molten.elvenelementium.png,molten.elvenelementium,Molten Elven Elementium,15,gregtech,,7200,fluid.molten.elvenelementium,1000
f~gregtech~molten.enderium,1000,701,false,fluid/gregtech/molten.enderium.png,molten.enderium,Molten Enderium,15,gregtech,,4500,fluid.molten.enderium,1000
f~gregtech~molten.enderiumbase,1000,421,false,fluid/gregtech/molten.enderiumbase.png,molten.enderiumbase,Molten Enderium Base,15,gregtech,,3600,fluid.molten.enderiumbase,1000
f~gregtech~molten.endsteel,1000,659,false,fluid/gregtech/molten.endsteel.png,molten.endsteel,Molten End Steel,0,gregtech,,940,fluid.molten.endsteel,1000
f~gregtech~molten.energeticalloy,1000,664,false,fluid/gregtech/molten.energeticalloy.png,molten.energeticalloy,Molten Energetic Alloy,3,gregtech,,1424,fluid.molten.energeticalloy,1000
f~gregtech~molten.energeticsilver,1000,665,false,fluid/gregtech/molten.energeticsilver.png,molten.energeticsilver,Molten Energetic Silver,3,gregtech,,1389,fluid.molten.energeticsilver,1000
f~gregtech~molten.enhancedgalgadorian,1000,689,false,fluid/gregtech/molten.enhancedgalgadorian.png,molten.enhancedgalgadorian,Molten Enhanced Galgadorian,15,gregtech,,4500,fluid.molten.enhancedgalgadorian,1000
f~gregtech~molten.enrichedholmium,1000,490,false,fluid/gregtech/molten.enrichedholmium.png,molten.enrichedholmium,Molten Enriched Holmium,12,gregtech,,3000,fluid.molten.enrichedholmium,1000
f~gregtech~molten.epoxid,1000,470,false,fluid/gregtech/molten.epoxid.png,molten.epoxid,Molten Epoxid,0,gregtech,,400,fluid.molten.epoxid,1000
f~gregtech~molten.epoxidfiberreinforced,1000,635,false,fluid/gregtech/molten.epoxidfiberreinforced.png,molten.epoxidfiberreinforced,Molten Fiber-Reinforced Epoxy Resin,0,gregtech,,400,fluid.molten.epoxidfiberreinforced,1000
f~gregtech~molten.erbium,1000,266,false,fluid/gregtech/molten.erbium.png,molten.erbium,Molten Erbium,5,gregtech,,1802,fluid.molten.erbium,1000
f~gregtech~molten.eternity,1000,818,false,fluid/gregtech/molten.eternity.png,molten.eternity,Molten Eternity,0,gregtech,,0,fluid.molten.eternity,1000
f~gregtech~molten.europium,1000,268,false,fluid/gregtech/molten.europium.png,molten.europium,Molten Europium,1,gregtech,,1099,fluid.molten.europium,1000
f~gregtech~molten.fierysteel,1000,422,false,fluid/gregtech/molten.fierysteel.png,molten.fierysteel,Molten Fiery Steel,5,gregtech,,1811,fluid.molten.fierysteel,1000
f~gregtech~molten.flerovium_gt5u,1000,270,false,fluid/gregtech/molten.flerovium_gt5u.png,molten.flerovium_gt5u,Molten Flerovium,1,gregtech,,1000,fluid.molten.flerovium_gt5u,1000
f~gregtech~molten.force,1000,423,false,fluid/gregtech/molten.force.png,molten.force,Molten Force,1,gregtech,,1000,fluid.molten.force,1000
f~gregtech~molten.gadolinium,1000,274,false,fluid/gregtech/molten.gadolinium.png,molten.gadolinium,Molten Gadolinium,4,gregtech,,1585,fluid.molten.gadolinium,1000
f~gregtech~molten.gaiaspirit,1000,770,false,fluid/gregtech/molten.gaiaspirit.png,molten.gaiaspirit,Molten Gaia Spirit,1,gregtech,,1000,fluid.molten.gaiaspirit,1000
f~gregtech~molten.galgadorian,1000,688,false,fluid/gregtech/molten.galgadorian.png,molten.galgadorian,Molten Galgadorian,12,gregtech,,3000,fluid.molten.galgadorian,1000
f~gregtech~molten.gallium,1000,276,false,fluid/gregtech/molten.gallium.png,molten.gallium,Molten Gallium,0,gregtech,,302,fluid.molten.gallium,1000
f~gregtech~molten.galliumarsenide,1000,616,false,fluid/gregtech/molten.galliumarsenide.png,molten.galliumarsenide,Molten Gallium Arsenide,0,gregtech,,696,fluid.molten.galliumarsenide,1000
f~gregtech~molten.glass,1000,221,false,fluid/gregtech/molten.glass.png,molten.glass,Molten Glass,3,gregtech,,1500,fluid.molten.glass,1000
f~gregtech~molten.glowstone,1000,424,false,fluid/gregtech/molten.glowstone.png,molten.glowstone,Molten Glowstone,1,gregtech,,1000,fluid.molten.glowstone,1000
f~gregtech~molten.gold,1000,278,false,fluid/gregtech/molten.gold.png,molten.gold,Molten Gold,2,gregtech,,1337,fluid.molten.gold,1000
f~gregtech~molten.graniteblack,1000,226,false,fluid/gregtech/molten.graniteblack.png,molten.graniteblack,Molten Black Granite,3,gregtech,,1520,fluid.molten.graniteblack,1000
f~gregtech~molten.granitered,1000,225,false,fluid/gregtech/molten.granitered.png,molten.granitered,Molten Red Granite,3,gregtech,,1520,fluid.molten.granitered,1000
f~gregtech~molten.heeendium,1000,403,false,fluid/gregtech/molten.heeendium.png,molten.heeendium,Molten Endium,1,gregtech,,1000,fluid.molten.heeendium,1000
f~gregtech~molten.hellishmetal,1000,741,false,fluid/gregtech/molten.hellishmetal.png,molten.hellishmetal,Molten Hellish Metal,2,gregtech,,1200,fluid.molten.hellishmetal,1000
f~gregtech~molten.hematite,1000,425,false,fluid/gregtech/molten.hematite.png,molten.hematite,Molten Hematite,1,gregtech,,1000,fluid.molten.hematite,1000
f~gregtech~molten.holmium,1000,280,false,fluid/gregtech/molten.holmium.png,molten.holmium,Molten Holmium,5,gregtech,,1734,fluid.molten.holmium,1000
f~gregtech~molten.hsla,1000,426,false,fluid/gregtech/molten.hsla.png,molten.hsla,Molten HSLA Steel,5,gregtech,,1811,fluid.molten.hsla,1000
f~gregtech~molten.hsse,1000,660,false,fluid/gregtech/molten.hsse.png,molten.hsse,Molten HSS-E,15,gregtech,,5400,fluid.molten.hsse,1000
f~gregtech~molten.hssg,1000,653,false,fluid/gregtech/molten.hssg.png,molten.hssg,Molten HSS-G,15,gregtech,,4500,fluid.molten.hssg,1000
f~gregtech~molten.hsss,1000,661,false,fluid/gregtech/molten.hsss.png,molten.hsss,Molten HSS-S,15,gregtech,,5400,fluid.molten.hsss,1000
f~gregtech~molten.ichorium,1000,181,false,fluid/gregtech/molten.ichorium.png,molten.ichorium,Molten Ichorium,15,gregtech,,9000,fluid.molten.ichorium,1000
f~gregtech~molten.indium,1000,284,false,fluid/gregtech/molten.indium.png,molten.indium,Molten Indium,0,gregtech,,429,fluid.molten.indium,1000
f~gregtech~molten.indiumgalliumphosphide,1000,617,false,fluid/gregtech/molten.indiumgalliumphosphide.png,molten.indiumgalliumphosphide,Molten Indium Gallium Phosphide,0,gregtech,,349,fluid.molten.indiumgalliumphosphide,1000
f~gregtech~molten.infinity,1000,707,false,fluid/gregtech/molten.infinity.png,molten.infinity,Molten Infinity,15,gregtech,,10800,fluid.molten.infinity,1000
f~gregtech~molten.infinitycatalyst,1000,708,false,fluid/gregtech/molten.infinitycatalyst.png,molten.infinitycatalyst,Molten Infinity Catalyst,15,gregtech,,10800,fluid.molten.infinitycatalyst,1000
f~gregtech~molten.infusedgold,1000,427,false,fluid/gregtech/molten.infusedgold.png,molten.infusedgold,Molten Infused Gold,1,gregtech,,1000,fluid.molten.infusedgold,1000
f~gregtech~molten.invar,1000,471,false,fluid/gregtech/molten.invar.png,molten.invar,Molten Invar,5,gregtech,,1783,fluid.molten.invar,1000
f~gregtech~molten.iridium,1000,286,false,fluid/gregtech/molten.iridium.png,molten.iridium,Molten Iridium,10,gregtech,,2719,fluid.molten.iridium,1000
f~gregtech~molten.iron,1000,288,false,fluid/gregtech/molten.iron.png,molten.iron,Molten Iron,5,gregtech,,1811,fluid.molten.iron,1000
f~gregtech~molten.ironwood,1000,654,false,fluid/gregtech/molten.ironwood.png,molten.ironwood,Molten Ironwood,6,gregtech,,1977,fluid.molten.ironwood,1000
f~gregtech~molten.kanthal,1000,472,false,fluid/gregtech/molten.kanthal.png,molten.kanthal,Molten Kanthal,5,gregtech,,1800,fluid.molten.kanthal,1000
f~gregtech~molten.kevlar,1000,792,false,fluid/gregtech/molten.kevlar.png,molten.kevlar,Molten Kevlar,1,gregtech,,1000,fluid.molten.kevlar,1000
f~gregtech~molten.knightmetal,1000,636,false,fluid/gregtech/molten.knightmetal.png,molten.knightmetal,Molten Knightmetal,11,gregtech,,2874,fluid.molten.knightmetal,1000
f~gregtech~molten.lanthanum,1000,290,false,fluid/gregtech/molten.lanthanum.png,molten.lanthanum,Molten Lanthanum,2,gregtech,,1193,fluid.molten.lanthanum,1000
f~gregtech~molten.lead,1000,292,false,fluid/gregtech/molten.lead.png,molten.lead,Molten Lead,0,gregtech,,600,fluid.molten.lead,1000
f~gregtech~molten.ledox,1000,694,false,fluid/gregtech/molten.ledox.png,molten.ledox,Molten Ledox,1,gregtech,,1000,fluid.molten.ledox,1000
f~gregtech~molten.lithium,1000,294,false,fluid/gregtech/molten.lithium.png,molten.lithium,Molten Lithium,0,gregtech,,454,fluid.molten.lithium,1000
f~gregtech~molten.longasssuperconductornameforuhvwire,1000,717,false,fluid/gregtech/molten.longasssuperconductornameforuhvwire.png,molten.longasssuperconductornameforuhvwire,Molten Superconductor Base UHV,15,gregtech,,10800,fluid.molten.longasssuperconductornameforuhvwire,1000
f~gregtech~molten.longasssuperconductornameforuvwire,1000,716,false,fluid/gregtech/molten.longasssuperconductornameforuvwire.png,molten.longasssuperconductornameforuvwire,Molten Superconductor Base UV,15,gregtech,,9900,fluid.molten.longasssuperconductornameforuvwire,1000
f~gregtech~molten.lumium,1000,834,false,fluid/gregtech/molten.lumium.png,molten.lumium,Molten Lumium,1,gregtech,,1000,fluid.molten.lumium,1000
f~gregtech~molten.lutetium,1000,296,false,fluid/gregtech/molten.lutetium.png,molten.lutetium,Molten Lutetium,6,gregtech,,1925,fluid.molten.lutetium,1000
f~gregtech~molten.magic,1000,298,false,fluid/gregtech/molten.magic.png,molten.magic,Molten Magic,15,gregtech,,5000,fluid.molten.magic,1000
f~gregtech~molten.magmatter,1000,819,false,fluid/gregtech/molten.magmatter.png,molten.magmatter,Molten Magmatter,1,gregtech,,1000,fluid.molten.magmatter,1000
f~gregtech~molten.magnalium,1000,473,false,fluid/gregtech/molten.magnalium.png,molten.magnalium,Molten Magnalium,0,gregtech,,929,fluid.molten.magnalium,1000
f~gregtech~molten.magnesium,1000,300,false,fluid/gregtech/molten.magnesium.png,molten.magnesium,Molten Magnesium,0,gregtech,,923,fluid.molten.magnesium,1000
f~gregtech~molten.magnetohydrodynamicallyconstrainedstarmatter,1000,812,false,fluid/gregtech/molten.magnetohydrodynamicallyconstrainedstarmatter.png,molten.magnetohydrodynamicallyconstrainedstarmatter,Molten Magnetohydrodynamically Constrained Star Matter,0,gregtech,,0,fluid.molten.magnetohydrodynamicallyconstrainedstarmatter,1000
f~gregtech~molten.manasteel,1000,767,false,fluid/gregtech/molten.manasteel.png,molten.manasteel,Molten Manasteel,3,gregtech,,1500,fluid.molten.manasteel,1000
f~gregtech~molten.manganese,1000,302,false,fluid/gregtech/molten.manganese.png,molten.manganese,Molten Manganese,3,gregtech,,1519,fluid.molten.manganese,1000
f~gregtech~molten.manyullyn,1000,637,false,fluid/gregtech/molten.manyullyn.png,molten.manyullyn,Molten Manyullyn,15,gregtech,,3600,fluid.molten.manyullyn,1000
f~gregtech~molten.mellion,1000,822,false,fluid/gregtech/molten.mellion.png,molten.mellion,Molten Mellion,1,gregtech,,1000,fluid.molten.mellion,1000
f~gregtech~molten.melodicalloy,1000,666,false,fluid/gregtech/molten.melodicalloy.png,molten.melodicalloy,Molten Melodic Alloy,15,gregtech,,5400,fluid.molten.melodicalloy,1000
f~gregtech~molten.mercassium,1000,428,false,fluid/gregtech/molten.mercassium.png,molten.mercassium,Molten Mercassium,1,gregtech,,1000,fluid.molten.mercassium,1000
f~gregtech~molten.meteoriciron,1000,305,false,fluid/gregtech/molten.meteoriciron.png,molten.meteoriciron,Molten Meteoric Iron,5,gregtech,,1811,fluid.molten.meteoriciron,1000
f~gregtech~molten.meteoricsteel,1000,429,false,fluid/gregtech/molten.meteoricsteel.png,molten.meteoricsteel,Molten Meteoric Steel,5,gregtech,,1811,fluid.molten.meteoricsteel,1000
f~gregtech~molten.mithril,1000,702,false,fluid/gregtech/molten.mithril.png,molten.mithril,Molten Mithril,15,gregtech,,6600,fluid.molten.mithril,1000
f~gregtech~molten.molybdenum,1000,307,false,fluid/gregtech/molten.molybdenum.png,molten.molybdenum,Molten Molybdenum,11,gregtech,,2896,fluid.molten.molybdenum,1000
f~gregtech~molten.mysteriouscrystal,1000,695,false,fluid/gregtech/molten.mysteriouscrystal.png,molten.mysteriouscrystal,Molten Mysterious Crystal,15,gregtech,,7200,fluid.molten.mysteriouscrystal,1000
f~gregtech~molten.mytryl,1000,696,false,fluid/gregtech/molten.mytryl.png,molten.mytryl,Molten Mytryl,15,gregtech,,3600,fluid.molten.mytryl,1000
f~gregtech~molten.naquadah,1000,309,false,fluid/gregtech/molten.naquadah.png,molten.naquadah,Molten Naquadah,15,gregtech,,5400,fluid.molten.naquadah,1000
f~gregtech~molten.naquadahalloy,1000,430,false,fluid/gregtech/molten.naquadahalloy.png,molten.naquadahalloy,Molten Naquadah Alloy,15,gregtech,,7200,fluid.molten.naquadahalloy,1000
f~gregtech~molten.naquadahenriched,1000,431,false,fluid/gregtech/molten.naquadahenriched.png,molten.naquadahenriched,Molten Enriched Naquadah,15,gregtech,,4500,fluid.molten.naquadahenriched,1000
f~gregtech~molten.naquadria,1000,432,false,fluid/gregtech/molten.naquadria.png,molten.naquadria,Molten Naquadria,15,gregtech,,9000,fluid.molten.naquadria,1000
f~gregtech~molten.neodymium,1000,311,false,fluid/gregtech/molten.neodymium.png,molten.neodymium,Molten Neodymium,2,gregtech,,1297,fluid.molten.neodymium,1000
f~gregtech~molten.neutronium,1000,313,false,fluid/gregtech/molten.neutronium.png,molten.neutronium,Molten Neutronium,15,gregtech,,10000,fluid.molten.neutronium,1000
f~gregtech~molten.nichrome,1000,474,false,fluid/gregtech/molten.nichrome.png,molten.nichrome,Molten Nichrome,10,gregtech,,2700,fluid.molten.nichrome,1000
f~gregtech~molten.nickel,1000,315,false,fluid/gregtech/molten.nickel.png,molten.nickel,Molten Nickel,5,gregtech,,1728,fluid.molten.nickel,1000
f~gregtech~molten.nickelaluminide,1000,788,false,fluid/gregtech/molten.nickelaluminide.png,molten.nickelaluminide,Molten Nickel Aluminide,4,gregtech,,1668,fluid.molten.nickelaluminide,1000
f~gregtech~molten.nickelzincferrite,1000,475,false,fluid/gregtech/molten.nickelzincferrite.png,molten.nickelzincferrite,Molten Nickel-Zinc Ferrite,0,gregtech,,721,fluid.molten.nickelzincferrite,1000
f~gregtech~molten.niobium,1000,317,false,fluid/gregtech/molten.niobium.png,molten.niobium,Molten Niobium,10,gregtech,,2750,fluid.molten.niobium,1000
f~gregtech~molten.niobiumnitride,1000,476,false,fluid/gregtech/molten.niobiumnitride.png,molten.niobiumnitride,Molten Niobium Nitride,9,gregtech,,2573,fluid.molten.niobiumnitride,1000
f~gregtech~molten.niobiumtitanium,1000,477,false,fluid/gregtech/molten.niobiumtitanium.png,molten.niobiumtitanium,Molten Niobium-Titanium,15,gregtech,,4500,fluid.molten.niobiumtitanium,1000
f~gregtech~molten.obsidian,1000,479,false,fluid/gregtech/molten.obsidian.png,molten.obsidian,Molten Obsidian,0,gregtech,,642,fluid.molten.obsidian,1000
f~gregtech~molten.obsidianflux,1000,434,false,fluid/gregtech/molten.obsidianflux.png,molten.obsidianflux,Molten Fluxed Obsidian,1,gregtech,,1000,fluid.molten.obsidianflux,1000
f~gregtech~molten.orichalcum,1000,435,false,fluid/gregtech/molten.orichalcum.png,molten.orichalcum,Molten Orichalcum,15,gregtech,,6000,fluid.molten.orichalcum,1000
f~gregtech~molten.oriharukon,1000,321,false,fluid/gregtech/molten.oriharukon.png,molten.oriharukon,Molten Oriharukon,15,gregtech,,5400,fluid.molten.oriharukon,1000
f~gregtech~molten.osmiridium,1000,454,false,fluid/gregtech/molten.osmiridium.png,molten.osmiridium,Molten Osmiridium,15,gregtech,,3500,fluid.molten.osmiridium,1000
f~gregtech~molten.osmium,1000,323,false,fluid/gregtech/molten.osmium.png,molten.osmium,Molten Osmium,13,gregtech,,3306,fluid.molten.osmium,1000
f~gregtech~molten.osmonium,1000,436,false,fluid/gregtech/molten.osmonium.png,molten.osmonium,Molten Osmonium,1,gregtech,,1000,fluid.molten.osmonium,1000
f~gregtech~molten.palladium,1000,326,false,fluid/gregtech/molten.palladium.png,molten.palladium,Molten Palladium,5,gregtech,,1828,fluid.molten.palladium,1000
f~gregtech~molten.pentacadmiummagnesiumhexaoxid,1000,710,false,fluid/gregtech/molten.pentacadmiummagnesiumhexaoxid.png,molten.pentacadmiummagnesiumhexaoxid,Molten Superconductor Base MV,9,gregtech,,2500,fluid.molten.pentacadmiummagnesiumhexaoxid,1000
f~gregtech~molten.phasedgold,1000,404,false,fluid/gregtech/molten.phasedgold.png,molten.phasedgold,Molten Phased Gold,1,gregtech,,1000,fluid.molten.phasedgold,1000
f~gregtech~molten.phasediron,1000,405,false,fluid/gregtech/molten.phasediron.png,molten.phasediron,Molten Phased Iron,13,gregtech,,3300,fluid.molten.phasediron,1000
f~gregtech~molten.phoenixite,1000,437,false,fluid/gregtech/molten.phoenixite.png,molten.phoenixite,Molten Phoenixite,1,gregtech,,1000,fluid.molten.phoenixite,1000
f~gregtech~molten.pigiron,1000,480,false,fluid/gregtech/molten.pigiron.png,molten.pigiron,Molten Pig Iron,1,gregtech,,1000,fluid.molten.pigiron,1000
f~gregtech~molten.plastic,1000,482,false,fluid/gregtech/molten.plastic.png,molten.plastic,Molten Polyethylene (PE),0,gregtech,,400,fluid.molten.plastic,1000
f~gregtech~molten.platinum,1000,329,false,fluid/gregtech/molten.platinum.png,molten.platinum,Molten Platinum,6,gregtech,,2041,fluid.molten.platinum,1000
f~gregtech~molten.plutonium,1000,331,false,fluid/gregtech/molten.plutonium.png,molten.plutonium,Molten Plutonium 239,0,gregtech,,912,fluid.molten.plutonium,1000
f~gregtech~molten.plutonium241,1000,384,false,fluid/gregtech/molten.plutonium241.png,molten.plutonium241,Molten Plutonium 241,0,gregtech,,912,fluid.molten.plutonium241,1000
f~gregtech~molten.polybenzimidazole,1000,677,false,fluid/gregtech/molten.polybenzimidazole.png,molten.polybenzimidazole,Molten Polybenzimidazole (PBI),3,gregtech,,1450,fluid.molten.polybenzimidazole,1000
f~gregtech~molten.polycaprolactam,1000,481,false,fluid/gregtech/molten.polycaprolactam.png,molten.polycaprolactam,Molten Polycaprolactam (PCL),0,gregtech,,500,fluid.molten.polycaprolactam,1000
f~gregtech~molten.polyphenylenesulfide,1000,582,false,fluid/gregtech/molten.polyphenylenesulfide.png,molten.polyphenylenesulfide,Molten Polyphenylene Sulfide (PPS),0,gregtech,,554,fluid.molten.polyphenylenesulfide,1000
f~gregtech~molten.polystyrene,1000,583,false,fluid/gregtech/molten.polystyrene.png,molten.polystyrene,Molten Polystyrene (PS),0,gregtech,,513,fluid.molten.polystyrene,1000
f~gregtech~molten.polytetrafluoroethylene,1000,483,false,fluid/gregtech/molten.polytetrafluoroethylene.png,molten.polytetrafluoroethylene,Molten Polytetrafluoroethylene (PTFE),0,gregtech,,600,fluid.molten.polytetrafluoroethylene,1000
f~gregtech~molten.polyvinylchloride,1000,585,false,fluid/gregtech/molten.polyvinylchloride.png,molten.polyvinylchloride,Molten Polyvinyl Chloride (PVC),0,gregtech,,433,fluid.molten.polyvinylchloride,1000
f~gregtech~molten.potassium,1000,333,false,fluid/gregtech/molten.potassium.png,molten.potassium,Molten Potassium,0,gregtech,,336,fluid.molten.potassium,1000
f~gregtech~molten.praseodymium,1000,335,false,fluid/gregtech/molten.praseodymium.png,molten.praseodymium,Molten Praseodymium,2,gregtech,,1208,fluid.molten.praseodymium,1000
f~gregtech~molten.prismaticnaquadah,1000,748,false,fluid/gregtech/molten.prismaticnaquadah.png,molten.prismaticnaquadah,Molten Prismatic Naquadah,1,gregtech,,1000,fluid.molten.prismaticnaquadah,1000
f~gregtech~molten.promethium,1000,337,false,fluid/gregtech/molten.promethium.png,molten.promethium,Molten Promethium,2,gregtech,,1315,fluid.molten.promethium,1000
f~gregtech~molten.pulsatingiron,1000,662,false,fluid/gregtech/molten.pulsatingiron.png,molten.pulsatingiron,Molten Pulsating Iron,3,gregtech,,1519,fluid.molten.pulsatingiron,1000
f~gregtech~molten.quantium,1000,697,false,fluid/gregtech/molten.quantium.png,molten.quantium,Molten Quantium,15,gregtech,,9900,fluid.molten.quantium,1000
f~gregtech~molten.radoxpoly,1000,728,false,fluid/gregtech/molten.radoxpoly.png,molten.radoxpoly,Molten Radox Polymer,15,gregtech,,6203,fluid.molten.radoxpoly,1000
f~gregtech~molten.realgar,1000,638,false,fluid/gregtech/molten.realgar.png,molten.realgar,Molten Realgar,0,gregtech,,739,fluid.molten.realgar,1000
f~gregtech~molten.redalloy,1000,655,false,fluid/gregtech/molten.redalloy.png,molten.redalloy,Molten Red Alloy,0,gregtech,,500,fluid.molten.redalloy,1000
f~gregtech~molten.redsteel,1000,656,false,fluid/gregtech/molten.redsteel.png,molten.redsteel,Molten Red Steel,4,gregtech,,1591,fluid.molten.redsteel,1000
f~gregtech~molten.redstone,1000,222,false,fluid/gregtech/molten.redstone.png,molten.redstone,Molten Redstone,0,gregtech,,500,fluid.molten.redstone,1000
f~gregtech~molten.redstonealloy,1000,657,false,fluid/gregtech/molten.redstonealloy.png,molten.redstonealloy,Molten Redstone Alloy,0,gregtech,,671,fluid.molten.redstonealloy,1000
f~gregtech~molten.reinforced,1000,448,false,fluid/gregtech/molten.reinforced.png,molten.reinforced,Molten Reinforced,1,gregtech,,1000,fluid.molten.reinforced,1000
f~gregtech~molten.reinforcedglass,1000,519,false,fluid/gregtech/molten.reinforcedglass.png,molten.reinforcedglass,Molten Reinforced Glass,6,gregtech,,2000,fluid.molten.reinforcedglass,1000
f~gregtech~molten.rosegold,1000,641,false,fluid/gregtech/molten.rosegold.png,molten.rosegold,Molten Rose Gold,2,gregtech,,1341,fluid.molten.rosegold,1000
f~gregtech~molten.rubber,1000,484,false,fluid/gregtech/molten.rubber.png,molten.rubber,Molten Rubber,0,gregtech,,400,fluid.molten.rubber,1000
f~gregtech~molten.rubidium,1000,340,false,fluid/gregtech/molten.rubidium.png,molten.rubidium,Molten Rubidium,0,gregtech,,312,fluid.molten.rubidium,1000
f~gregtech~molten.rubracium,1000,438,false,fluid/gregtech/molten.rubracium.png,molten.rubracium,Molten Rubracium,1,gregtech,,1000,fluid.molten.rubracium,1000
f~gregtech~molten.samarium,1000,342,false,fluid/gregtech/molten.samarium.png,molten.samarium,Molten Samarium,2,gregtech,,1345,fluid.molten.samarium,1000
f~gregtech~molten.scandium,1000,344,false,fluid/gregtech/molten.scandium.png,molten.scandium,Molten Scandium,5,gregtech,,1814,fluid.molten.scandium,1000
f~gregtech~molten.serpentine,1000,406,false,fluid/gregtech/molten.serpentine.png,molten.serpentine,Molten Serpentine,1,gregtech,,1000,fluid.molten.serpentine,1000
f~gregtech~molten.shadow,1000,690,false,fluid/gregtech/molten.shadow.png,molten.shadow,Molten Shadow Metal,5,gregtech,,1800,fluid.molten.shadow,1000
f~gregtech~molten.shadowiron,1000,703,false,fluid/gregtech/molten.shadowiron.png,molten.shadowiron,Molten Shadow Iron,15,gregtech,,8400,fluid.molten.shadowiron,1000
f~gregtech~molten.shadowsteel,1000,704,false,fluid/gregtech/molten.shadowsteel.png,molten.shadowsteel,Molten Shadow Steel,12,gregtech,,3006,fluid.molten.shadowsteel,1000
f~gregtech~molten.shijima,1000,831,false,fluid/gregtech/molten.shijima.png,molten.shijima,Molten Shijima,1,gregtech,,1000,fluid.molten.shijima,1000
f~gregtech~molten.signalum,1000,833,false,fluid/gregtech/molten.signalum.png,molten.signalum,Molten Signalum,1,gregtech,,1000,fluid.molten.signalum,1000
f~gregtech~molten.silicon,1000,346,false,fluid/gregtech/molten.silicon.png,molten.silicon,Molten Raw Silicon,8,gregtech,,2273,fluid.molten.silicon,1000
f~gregtech~molten.silicone,1000,485,false,fluid/gregtech/molten.silicone.png,molten.silicone,Molten Silicone Rubber,0,gregtech,,900,fluid.molten.silicone,1000
f~gregtech~molten.siliconsolargrade,1000,612,false,fluid/gregtech/molten.siliconsolargrade.png,molten.siliconsolargrade,Molten Silicon Solar Grade (Poly SI),8,gregtech,,2273,fluid.molten.siliconsolargrade,1000
f~gregtech~molten.silver,1000,348,false,fluid/gregtech/molten.silver.png,molten.silver,Molten Silver,2,gregtech,,1234,fluid.molten.silver,1000
f~gregtech~molten.sixphasedcopper,1000,820,false,fluid/gregtech/molten.sixphasedcopper.png,molten.sixphasedcopper,Molten Six-Phased Copper,1,gregtech,,1000,fluid.molten.sixphasedcopper,1000
f~gregtech~molten.solderingalloy,1000,618,false,fluid/gregtech/molten.solderingalloy.png,molten.solderingalloy,Molten Soldering Alloy,0,gregtech,,400,fluid.molten.solderingalloy,1000
f~gregtech~molten.soularium,1000,705,false,fluid/gregtech/molten.soularium.png,molten.soularium,Molten Soularium,0,gregtech,,800,fluid.molten.soularium,1000
f~gregtech~molten.spacetime,1000,810,false,fluid/gregtech/molten.spacetime.png,molten.spacetime,Molten SpaceTime,0,gregtech,,0,fluid.molten.spacetime,1000
f~gregtech~molten.stainlesssteel,1000,619,false,fluid/gregtech/molten.stainlesssteel.png,molten.stainlesssteel,Molten Stainless Steel,5,gregtech,,1810,fluid.molten.stainlesssteel,1000
f~gregtech~molten.steel,1000,620,false,fluid/gregtech/molten.steel.png,molten.steel,Molten Steel,5,gregtech,,1811,fluid.molten.steel,1000
f~gregtech~molten.stellaralloy,1000,668,false,fluid/gregtech/molten.stellaralloy.png,molten.stellaralloy,Molten Stellar Alloy,15,gregtech,,7200,fluid.molten.stellaralloy,1000
f~gregtech~molten.sterlingsilver,1000,642,false,fluid/gregtech/molten.sterlingsilver.png,molten.sterlingsilver,Molten Sterling Silver,2,gregtech,,1258,fluid.molten.sterlingsilver,1000
f~gregtech~molten.strontium,1000,351,false,fluid/gregtech/molten.strontium.png,molten.strontium,Molten Strontium,1,gregtech,,1050,fluid.molten.strontium,1000
f~gregtech~molten.styrenebutadienerubber,1000,602,false,fluid/gregtech/molten.styrenebutadienerubber.png,molten.styrenebutadienerubber,Molten Styrene-Butadiene Rubber (SBR),0,gregtech,,526,fluid.molten.styrenebutadienerubber,1000
f~gregtech~molten.sugar,1000,643,false,fluid/gregtech/molten.sugar.png,molten.sugar,Molten Sugar,0,gregtech,,462,fluid.molten.sugar,1000
f~gregtech~molten.sunnarium,1000,455,false,fluid/gregtech/molten.sunnarium.png,molten.sunnarium,Molten Sunnarium,15,gregtech,,4200,fluid.molten.sunnarium,1000
f~gregtech~molten.superconductoruevbase,1000,718,false,fluid/gregtech/molten.superconductoruevbase.png,molten.superconductoruevbase,Molten Superconductor Base UEV,15,gregtech,,11700,fluid.molten.superconductoruevbase,1000
f~gregtech~molten.superconductoruivbase,1000,719,false,fluid/gregtech/molten.superconductoruivbase.png,molten.superconductoruivbase,Molten Superconductor Base UIV,15,gregtech,,12700,fluid.molten.superconductoruivbase,1000
f~gregtech~molten.superconductorumvbase,1000,720,false,fluid/gregtech/molten.superconductorumvbase.png,molten.superconductorumvbase,Molten Superconductor Base UMV,15,gregtech,,13600,fluid.molten.superconductorumvbase,1000
f~gregtech~molten.tantalum,1000,354,false,fluid/gregtech/molten.tantalum.png,molten.tantalum,Molten Tantalum,13,gregtech,,3290,fluid.molten.tantalum,1000
f~gregtech~molten.tartarite,1000,439,false,fluid/gregtech/molten.tartarite.png,molten.tartarite,Molten Tartarite,15,gregtech,,10400,fluid.molten.tartarite,1000
f~gregtech~molten.tellurium,1000,356,false,fluid/gregtech/molten.tellurium.png,molten.tellurium,Molten Tellurium,0,gregtech,,722,fluid.molten.tellurium,1000
f~gregtech~molten.tengamattuned,1000,492,false,fluid/gregtech/molten.tengamattuned.png,molten.tengamattuned,Molten Attuned Tengam,1,gregtech,,1000,fluid.molten.tengamattuned,1000
f~gregtech~molten.tengampurified,1000,491,false,fluid/gregtech/molten.tengampurified.png,molten.tengampurified,Molten Purified Tengam,1,gregtech,,1000,fluid.molten.tengampurified,1000
f~gregtech~molten.terbium,1000,358,false,fluid/gregtech/molten.terbium.png,molten.terbium,Molten Terbium,4,gregtech,,1629,fluid.molten.terbium,1000
f~gregtech~molten.terrasteel,1000,768,false,fluid/gregtech/molten.terrasteel.png,molten.terrasteel,Molten Terrasteel,15,gregtech,,5400,fluid.molten.terrasteel,1000
f~gregtech~molten.teslatite,1000,407,false,fluid/gregtech/molten.teslatite.png,molten.teslatite,Molten Teslatite,1,gregtech,,1000,fluid.molten.teslatite,1000
f~gregtech~molten.tetraindiumditindibariumtitaniumheptacoppertetrakaidekaoxid,1000,714,false,fluid/gregtech/molten.tetraindiumditindibariumtitaniumheptacoppertetrakaidekaoxid.png,molten.tetraindiumditindibariumtitaniumheptacoppertetrakaidekaoxid,Molten Superconductor Base LuV,15,gregtech,,6000,fluid.molten.tetraindiumditindibariumtitaniumheptacoppertetrakaidekaoxid,1000
f~gregtech~molten.tetranaquadahdiindiumhexaplatiumosminid,1000,715,false,fluid/gregtech/molten.tetranaquadahdiindiumhexaplatiumosminid.png,molten.tetranaquadahdiindiumhexaplatiumosminid,Molten Superconductor Base ZPM,15,gregtech,,8100,fluid.molten.tetranaquadahdiindiumhexaplatiumosminid,1000
f~gregtech~molten.thaumium,1000,644,false,fluid/gregtech/molten.thaumium.png,molten.thaumium,Molten Thaumium,14,gregtech,,3405,fluid.molten.thaumium,1000
f~gregtech~molten.thorium,1000,360,false,fluid/gregtech/molten.thorium.png,molten.thorium,Molten Thorium,7,gregtech,,2115,fluid.molten.thorium,1000
f~gregtech~molten.thulium,1000,362,false,fluid/gregtech/molten.thulium.png,molten.thulium,Molten Thulium,5,gregtech,,1818,fluid.molten.thulium,1000
f~gregtech~molten.tin,1000,364,false,fluid/gregtech/molten.tin.png,molten.tin,Molten Tin,0,gregtech,,505,fluid.molten.tin,1000
f~gregtech~molten.tinalloy,1000,621,false,fluid/gregtech/molten.tinalloy.png,molten.tinalloy,Molten Tin Alloy,1,gregtech,,1158,fluid.molten.tinalloy,1000
f~gregtech~molten.titanium,1000,366,false,fluid/gregtech/molten.titanium.png,molten.titanium,Molten Titanium,6,gregtech,,1941,fluid.molten.titanium,1000
f~gregtech~molten.titaniumonabariumdecacoppereikosaoxid,1000,711,false,fluid/gregtech/molten.titaniumonabariumdecacoppereikosaoxid.png,molten.titaniumonabariumdecacoppereikosaoxid,Molten Superconductor Base HV,13,gregtech,,3300,fluid.molten.titaniumonabariumdecacoppereikosaoxid,1000
f~gregtech~molten.tpvalloy,1000,645,false,fluid/gregtech/molten.tpvalloy.png,molten.tpvalloy,Molten TPV-Alloy,12,gregtech,,3000,fluid.molten.tpvalloy,1000
f~gregtech~molten.transcendentmetal,1000,811,false,fluid/gregtech/molten.transcendentmetal.png,molten.transcendentmetal,Molten Transcendent Metal,15,gregtech,,11700,fluid.molten.transcendentmetal,1000
f~gregtech~molten.trinium,1000,709,false,fluid/gregtech/molten.trinium.png,molten.trinium,Molten Trinium,15,gregtech,,7200,fluid.molten.trinium,1000
f~gregtech~molten.tritanium,1000,368,false,fluid/gregtech/molten.tritanium.png,molten.tritanium,Molten Tritanium,15,gregtech,,9900,fluid.molten.tritanium,1000
f~gregtech~molten.tungsten,1000,370,false,fluid/gregtech/molten.tungsten.png,molten.tungsten,Molten Tungsten,15,gregtech,,3695,fluid.molten.tungsten,1000
f~gregtech~molten.tungstencarbide,1000,646,false,fluid/gregtech/molten.tungstencarbide.png,molten.tungstencarbide,Molten Tungstencarbide,9,gregtech,,2460,fluid.molten.tungstencarbide,1000
f~gregtech~molten.tungstensteel,1000,647,false,fluid/gregtech/molten.tungstensteel.png,molten.tungstensteel,Molten Tungstensteel,15,gregtech,,4000,fluid.molten.tungstensteel,1000
f~gregtech~molten.ultimet,1000,622,false,fluid/gregtech/molten.ultimet.png,molten.ultimet,Molten Ultimet,10,gregtech,,2700,fluid.molten.ultimet,1000
f~gregtech~molten.universium,1000,817,false,fluid/gregtech/molten.universium.png,molten.universium,Molten Universium,0,gregtech,,0,fluid.molten.universium,1000
f~gregtech~molten.uranium,1000,372,false,fluid/gregtech/molten.uranium.png,molten.uranium,Molten Uranium 238,3,gregtech,,1405,fluid.molten.uranium,1000
f~gregtech~molten.uranium235,1000,387,false,fluid/gregtech/molten.uranium235.png,molten.uranium235,Molten Uranium 235,3,gregtech,,1405,fluid.molten.uranium235,1000
f~gregtech~molten.uraniumtriplatinid,1000,712,false,fluid/gregtech/molten.uraniumtriplatinid.png,molten.uraniumtriplatinid,Molten Superconductor Base EV,15,gregtech,,4400,fluid.molten.uraniumtriplatinid,1000
f~gregtech~molten.vanadium,1000,374,false,fluid/gregtech/molten.vanadium.png,molten.vanadium,Molten Vanadium,7,gregtech,,2183,fluid.molten.vanadium,1000
f~gregtech~molten.vanadiumgallium,1000,623,false,fluid/gregtech/molten.vanadiumgallium.png,molten.vanadiumgallium,Molten Vanadium-Gallium,15,gregtech,,4500,fluid.molten.vanadiumgallium,1000
f~gregtech~molten.vanadiumsteel,1000,648,false,fluid/gregtech/molten.vanadiumsteel.png,molten.vanadiumsteel,Molten Vanadiumsteel,3,gregtech,,1453,fluid.molten.vanadiumsteel,1000
f~gregtech~molten.vanadiumtriindinid,1000,713,false,fluid/gregtech/molten.vanadiumtriindinid.png,molten.vanadiumtriindinid,Molten Superconductor Base IV,15,gregtech,,5200,fluid.molten.vanadiumtriindinid,1000
f~gregtech~molten.vibrantalloy,1000,669,false,fluid/gregtech/molten.vibrantalloy.png,molten.vibrantalloy,Molten Vibrant Alloy,13,gregtech,,3300,fluid.molten.vibrantalloy,1000
f~gregtech~molten.vinteum,1000,649,false,fluid/gregtech/molten.vinteum.png,molten.vinteum,Molten Vinteum,1,gregtech,,1000,fluid.molten.vinteum,1000
f~gregtech~molten.vividalloy,1000,670,false,fluid/gregtech/molten.vividalloy.png,molten.vividalloy,Molten Vivid Alloy,13,gregtech,,3300,fluid.molten.vividalloy,1000
f~gregtech~molten.void,1000,440,false,fluid/gregtech/molten.void.png,molten.void,Molten Void Metal,1,gregtech,,1000,fluid.molten.void,1000
f~gregtech~molten.vulcanite,1000,441,false,fluid/gregtech/molten.vulcanite.png,molten.vulcanite,Molten Vulcanite,15,gregtech,,8400,fluid.molten.vulcanite,1000
f~gregtech~molten.vyroxeres,1000,442,false,fluid/gregtech/molten.vyroxeres.png,molten.vyroxeres,Molten Vyroxeres,15,gregtech,,5400,fluid.molten.vyroxeres,1000
f~gregtech~molten.whitedwarfmatter,1000,813,false,fluid/gregtech/molten.whitedwarfmatter.png,molten.whitedwarfmatter,Molten White Dwarf Matter,0,gregtech,,0,fluid.molten.whitedwarfmatter,1000
f~gregtech~molten.yellorium,1000,443,false,fluid/gregtech/molten.yellorium.png,molten.yellorium,Molten Yellorium,1,gregtech,,1000,fluid.molten.yellorium,1000
f~gregtech~molten.ytterbium,1000,376,false,fluid/gregtech/molten.ytterbium.png,molten.ytterbium,Molten Ytterbium,1,gregtech,,1097,fluid.molten.ytterbium,1000
f~gregtech~molten.yttrium,1000,378,false,fluid/gregtech/molten.yttrium.png,molten.yttrium,Molten Yttrium,5,gregtech,,1799,fluid.molten.yttrium,1000
f~gregtech~molten.yttriumbariumcuprate,1000,625,false,fluid/gregtech/molten.yttriumbariumcuprate.png,molten.yttriumbariumcuprate,Molten Yttrium Barium Cuprate,15,gregtech,,4500,fluid.molten.yttriumbariumcuprate,1000
f~gregtech~molten.zectium,1000,444,false,fluid/gregtech/molten.zectium.png,molten.zectium,Molten Zectium,1,gregtech,,1000,fluid.molten.zectium,1000
f~gregtech~molten.zinc,1000,380,false,fluid/gregtech/molten.zinc.png,molten.zinc,Molten Zinc,0,gregtech,,692,fluid.molten.zinc,1000
f~gregtech~moltenexohalkonitebase,1000,827,false,fluid/gregtech/moltenexohalkonitebase.png,moltenexohalkonitebase,Molten Exo-Halkonite Steel Preparation Base,0,gregtech,,295,fluid.moltenexohalkonitebase,1000
f~gregtech~mtbereactionmixture(butane),-100,683,true,fluid/gregtech/mtbereactionmixture(butane).png,mtbereactionmixture(butane),MTBE Reaction Mixture (Butane),0,gregtech,,295,fluid.mtbereactionmixture(butane),200
f~gregtech~mtbereactionmixture(butene),-100,682,true,fluid/gregtech/mtbereactionmixture(butene).png,mtbereactionmixture(butene),MTBE Reaction Mixture (Butene),0,gregtech,,295,fluid.mtbereactionmixture(butene),200
f~gregtech~naphthenicacid,1000,796,false,fluid/gregtech/naphthenicacid.png,naphthenicacid,Naphthenic Acid,0,gregtech,,295,fluid.naphthenicacid,1000
f~gregtech~nefariousgas,1000,737,false,fluid/gregtech/nefariousgas.png,nefariousgas,Nefarious Gas,0,gregtech,,295,fluid.nefariousgas,1000
f~gregtech~nefariousoil,1000,738,false,fluid/gregtech/nefariousoil.png,nefariousoil,Nefarious Oil,0,gregtech,,295,fluid.nefariousoil,1000
f~gregtech~netherair,1000,735,false,fluid/gregtech/netherair.png,netherair,Nether Air,0,gregtech,,295,fluid.netherair,1000
f~gregtech~nethersemifluid,1000,736,false,fluid/gregtech/nethersemifluid.png,nethersemifluid,Nether Semifluid,0,gregtech,,295,fluid.nethersemifluid,1000
f~gregtech~nickeltetracarbonyl,1000,775,false,fluid/gregtech/nickeltetracarbonyl.png,nickeltetracarbonyl,Nickel Tetracarbonyl,0,gregtech,,256,fluid.nickeltetracarbonyl,1000
f~gregtech~nitricacid,1000,578,false,fluid/gregtech/nitricacid.png,nitricacid,Nitric Acid,0,gregtech,,231,fluid.nitricacid,1000
f~gregtech~nitricoxide,-100,579,true,fluid/gregtech/nitricoxide.png,nitricoxide,Nitric Oxide,0,gregtech,,295,fluid.nitricoxide,200
f~gregtech~nitrofuel,1000,148,false,fluid/gregtech/nitrofuel.png,nitrofuel,Cetane-Boosted Diesel,0,gregtech,,295,fluid.nitrofuel,1000
f~gregtech~nitrogen,-100,122,true,fluid/gregtech/nitrogen.png,nitrogen,Nitrogen,0,gregtech,,295,fluid.nitrogen,200
f~gregtech~nitrogendioxide,-100,123,true,fluid/gregtech/nitrogendioxide.png,nitrogendioxide,Nitrogen Dioxide,0,gregtech,,295,fluid.nitrogendioxide,200
f~gregtech~nitrousoxide,-100,684,true,fluid/gregtech/nitrousoxide.png,nitrousoxide,Nitrous Oxide,0,gregtech,,295,fluid.nitrousoxide,200
f~gregtech~nmethylpyrolidone,1000,781,false,fluid/gregtech/nmethylpyrolidone.png,nmethylpyrolidone,N-Methyl-2-pyrrolidone,0,gregtech,,249,fluid.nmethylpyrolidone,1000
f~gregtech~noblegases,-100,478,true,fluid/gregtech/noblegases.png,noblegases,Noble Gases,0,gregtech,,295,fluid.noblegases,200
f~gregtech~octane,1000,685,false,fluid/gregtech/octane.png,octane,Octane,0,gregtech,,216,fluid.octane,1000
f~gregtech~oxygen,-100,111,true,fluid/gregtech/oxygen.png,oxygen,Oxygen,0,gregtech,,295,fluid.oxygen,200
f~gregtech~ozone,-100,722,true,fluid/gregtech/ozone.png,ozone,Ozone,0,gregtech,,295,fluid.ozone,200
f~gregtech~phenol,1000,580,false,fluid/gregtech/phenol.png,phenol,Phenol,0,gregtech,,314,fluid.phenol,1000
f~gregtech~phononcrystalsolution,1000,173,false,fluid/gregtech/phononcrystalsolution.png,phononcrystalsolution,Saturated Phononic Crystal Solution,0,gregtech,,500,fluid.phononcrystalsolution,1000
f~gregtech~phononmedium,1000,172,false,fluid/gregtech/phononmedium.png,phononmedium,Lossless Phonon Transfer Medium,0,gregtech,,500,fluid.phononmedium,1000
f~gregtech~phosphoricacid_gt5u,1000,581,false,fluid/gregtech/phosphoricacid_gt5u.png,phosphoricacid_gt5u,Phosphoric Acid,0,gregtech,,316,fluid.phosphoricacid_gt5u,1000
f~gregtech~phosphoruschlorinemixture,1000,753,false,fluid/gregtech/phosphoruschlorinemixture.png,phosphoruschlorinemixture,Phosphorus-Chlorine Mixture,0,gregtech,,295,fluid.phosphoruschlorinemixture,1000
f~gregtech~phosphoruspentachloride,1000,754,false,fluid/gregtech/phosphoruspentachloride.png,phosphoruspentachloride,Phosphorus Pentachloride,0,gregtech,,434,fluid.phosphoruspentachloride,1000
f~gregtech~phosphorustrichloride,1000,797,false,fluid/gregtech/phosphorustrichloride.png,phosphorustrichloride,Phosphorus Trichloride,0,gregtech,,179,fluid.phosphorustrichloride,1000
f~gregtech~phtalicacid,1000,676,false,fluid/gregtech/phtalicacid.png,phtalicacid,Phthalic Acid,0,gregtech,,207,fluid.phtalicacid,1000
f~gregtech~plasma.aluminium,55536,231,true,fluid/gregtech/plasma.aluminium.png,plasma.aluminium,Aluminium Plasma,15,gregtech,,10000,fluid.plasma.aluminium,10
f~gregtech~plasma.americium,55536,233,true,fluid/gregtech/plasma.americium.png,plasma.americium,Americium Plasma,15,gregtech,,10000,fluid.plasma.americium,10
f~gregtech~plasma.antimony,55536,235,true,fluid/gregtech/plasma.antimony.png,plasma.antimony,Antimony Plasma,15,gregtech,,10000,fluid.plasma.antimony,10
f~gregtech~plasma.ardite,55536,413,true,fluid/gregtech/plasma.ardite.png,plasma.ardite,Ardite Plasma,15,gregtech,,10000,fluid.plasma.ardite,10
f~gregtech~plasma.argon,55536,236,true,fluid/gregtech/plasma.argon.png,plasma.argon,Argon Plasma,15,gregtech,,10000,fluid.plasma.argon,10
f~gregtech~plasma.arsenic,55536,238,true,fluid/gregtech/plasma.arsenic.png,plasma.arsenic,Arsenic Plasma,15,gregtech,,10000,fluid.plasma.arsenic,10
f~gregtech~plasma.barium,55536,240,true,fluid/gregtech/plasma.barium.png,plasma.barium,Barium Plasma,15,gregtech,,10000,fluid.plasma.barium,10
f~gregtech~plasma.bedrockium,55536,177,true,fluid/gregtech/plasma.bedrockium.png,plasma.bedrockium,Bedrockium Plasma,15,gregtech,,10000,fluid.plasma.bedrockium,10
f~gregtech~plasma.beryllium,55536,242,true,fluid/gregtech/plasma.beryllium.png,plasma.beryllium,Beryllium Plasma,15,gregtech,,10000,fluid.plasma.beryllium,10
f~gregtech~plasma.bismuth,55536,244,true,fluid/gregtech/plasma.bismuth.png,plasma.bismuth,Bismuth Plasma,15,gregtech,,10000,fluid.plasma.bismuth,10
f~gregtech~plasma.boron,55536,246,true,fluid/gregtech/plasma.boron.png,plasma.boron,Boron Plasma,15,gregtech,,10000,fluid.plasma.boron,10
f~gregtech~plasma.cadmium,55536,251,true,fluid/gregtech/plasma.cadmium.png,plasma.cadmium,Cadmium Plasma,15,gregtech,,10000,fluid.plasma.cadmium,10
f~gregtech~plasma.caesium,55536,248,true,fluid/gregtech/plasma.caesium.png,plasma.caesium,Caesium Plasma,15,gregtech,,10000,fluid.plasma.caesium,10
f~gregtech~plasma.calcium,55536,249,true,fluid/gregtech/plasma.calcium.png,plasma.calcium,Calcium Plasma,15,gregtech,,10000,fluid.plasma.calcium,10
f~gregtech~plasma.carbon,55536,250,true,fluid/gregtech/plasma.carbon.png,plasma.carbon,Carbon Plasma,15,gregtech,,10000,fluid.plasma.carbon,10
f~gregtech~plasma.cerium,55536,253,true,fluid/gregtech/plasma.cerium.png,plasma.cerium,Cerium Plasma,15,gregtech,,10000,fluid.plasma.cerium,10
f~gregtech~plasma.chlorine,55536,254,true,fluid/gregtech/plasma.chlorine.png,plasma.chlorine,Chlorine Plasma,15,gregtech,,10000,fluid.plasma.chlorine,10
f~gregtech~plasma.chrome,55536,256,true,fluid/gregtech/plasma.chrome.png,plasma.chrome,Chrome Plasma,15,gregtech,,10000,fluid.plasma.chrome,10
f~gregtech~plasma.cobalt,55536,258,true,fluid/gregtech/plasma.cobalt.png,plasma.cobalt,Cobalt Plasma,15,gregtech,,10000,fluid.plasma.cobalt,10
f~gregtech~plasma.copper,55536,260,true,fluid/gregtech/plasma.copper.png,plasma.copper,Copper Plasma,15,gregtech,,10000,fluid.plasma.copper,10
f~gregtech~plasma.cosmicneutronium,55536,178,true,fluid/gregtech/plasma.cosmicneutronium.png,plasma.cosmicneutronium,Cosmic Neutronium Plasma,15,gregtech,,10000,fluid.plasma.cosmicneutronium,10
f~gregtech~plasma.creon,55536,824,true,fluid/gregtech/plasma.creon.png,plasma.creon,Creon Plasma,15,gregtech,,10000,fluid.plasma.creon,10
f~gregtech~plasma.desh,55536,262,true,fluid/gregtech/plasma.desh.png,plasma.desh,Desh Plasma,15,gregtech,,10000,fluid.plasma.desh,10
f~gregtech~plasma.deuterium,55536,382,true,fluid/gregtech/plasma.deuterium.png,plasma.deuterium,Deuterium Plasma,15,gregtech,,10000,fluid.plasma.deuterium,10
f~gregtech~plasma.draconium,55536,400,true,fluid/gregtech/plasma.draconium.png,plasma.draconium,Draconium Plasma,15,gregtech,,10000,fluid.plasma.draconium,10
f~gregtech~plasma.draconiumawakened,55536,402,true,fluid/gregtech/plasma.draconiumawakened.png,plasma.draconiumawakened,Awakened Draconium Plasma,15,gregtech,,10000,fluid.plasma.draconiumawakened,10
f~gregtech~plasma.dysprosium,55536,264,true,fluid/gregtech/plasma.dysprosium.png,plasma.dysprosium,Dysprosium Plasma,15,gregtech,,10000,fluid.plasma.dysprosium,10
f~gregtech~plasma.empty,55536,265,true,fluid/gregtech/plasma.empty.png,plasma.empty,Empty Plasma,15,gregtech,,10000,fluid.plasma.empty,10
f~gregtech~plasma.erbium,55536,267,true,fluid/gregtech/plasma.erbium.png,plasma.erbium,Erbium Plasma,15,gregtech,,10000,fluid.plasma.erbium,10
f~gregtech~plasma.europium,55536,269,true,fluid/gregtech/plasma.europium.png,plasma.europium,Europium Plasma,15,gregtech,,10000,fluid.plasma.europium,10
f~gregtech~plasma.flerovium_gt5u,55536,271,true,fluid/gregtech/plasma.flerovium_gt5u.png,plasma.flerovium_gt5u,Flerovium Plasma,15,gregtech,,10000,fluid.plasma.flerovium_gt5u,10
f~gregtech~plasma.fluorine,55536,272,true,fluid/gregtech/plasma.fluorine.png,plasma.fluorine,Fluorine Plasma,15,gregtech,,10000,fluid.plasma.fluorine,10
f~gregtech~plasma.francium_gt5u,55536,273,true,fluid/gregtech/plasma.francium_gt5u.png,plasma.francium_gt5u,Francium Plasma,15,gregtech,,10000,fluid.plasma.francium_gt5u,10
f~gregtech~plasma.gadolinium,55536,275,true,fluid/gregtech/plasma.gadolinium.png,plasma.gadolinium,Gadolinium Plasma,15,gregtech,,10000,fluid.plasma.gadolinium,10
f~gregtech~plasma.gallium,55536,277,true,fluid/gregtech/plasma.gallium.png,plasma.gallium,Gallium Plasma,15,gregtech,,10000,fluid.plasma.gallium,10
f~gregtech~plasma.gold,55536,279,true,fluid/gregtech/plasma.gold.png,plasma.gold,Gold Plasma,15,gregtech,,10000,fluid.plasma.gold,10
f~gregtech~plasma.helium,55536,283,true,fluid/gregtech/plasma.helium.png,plasma.helium,Helium Plasma,15,gregtech,,10000,fluid.plasma.helium,10
f~gregtech~plasma.helium_3,55536,383,true,fluid/gregtech/plasma.helium_3.png,plasma.helium_3,Helium-3 Plasma,15,gregtech,,10000,fluid.plasma.helium_3,10
f~gregtech~plasma.holmium,55536,281,true,fluid/gregtech/plasma.holmium.png,plasma.holmium,Holmium Plasma,15,gregtech,,10000,fluid.plasma.holmium,10
f~gregtech~plasma.hydrogen,55536,282,true,fluid/gregtech/plasma.hydrogen.png,plasma.hydrogen,Hydrogen Plasma,15,gregtech,,10000,fluid.plasma.hydrogen,10
f~gregtech~plasma.ichorium,55536,180,true,fluid/gregtech/plasma.ichorium.png,plasma.ichorium,Ichorium Plasma,15,gregtech,,9000,fluid.plasma.ichorium,10
f~gregtech~plasma.indium,55536,285,true,fluid/gregtech/plasma.indium.png,plasma.indium,Indium Plasma,15,gregtech,,10000,fluid.plasma.indium,10
f~gregtech~plasma.infinity,55536,176,true,fluid/gregtech/plasma.infinity.png,plasma.infinity,Infinity Plasma,15,gregtech,,10000,fluid.plasma.infinity,10
f~gregtech~plasma.iridium,55536,287,true,fluid/gregtech/plasma.iridium.png,plasma.iridium,Iridium Plasma,15,gregtech,,10000,fluid.plasma.iridium,10
f~gregtech~plasma.iron,55536,289,true,fluid/gregtech/plasma.iron.png,plasma.iron,Iron Plasma,15,gregtech,,10000,fluid.plasma.iron,10
f~gregtech~plasma.lanthanum,55536,291,true,fluid/gregtech/plasma.lanthanum.png,plasma.lanthanum,Lanthanum Plasma,15,gregtech,,10000,fluid.plasma.lanthanum,10
f~gregtech~plasma.lead,55536,293,true,fluid/gregtech/plasma.lead.png,plasma.lead,Lead Plasma,15,gregtech,,10000,fluid.plasma.lead,10
f~gregtech~plasma.lithium,55536,295,true,fluid/gregtech/plasma.lithium.png,plasma.lithium,Lithium Plasma,15,gregtech,,10000,fluid.plasma.lithium,10
f~gregtech~plasma.lutetium,55536,297,true,fluid/gregtech/plasma.lutetium.png,plasma.lutetium,Lutetium Plasma,15,gregtech,,10000,fluid.plasma.lutetium,10
f~gregtech~plasma.magic,55536,299,true,fluid/gregtech/plasma.magic.png,plasma.magic,Magic Plasma,15,gregtech,,10000,fluid.plasma.magic,10
f~gregtech~plasma.magnesium,55536,301,true,fluid/gregtech/plasma.magnesium.png,plasma.magnesium,Magnesium Plasma,15,gregtech,,10000,fluid.plasma.magnesium,10
f~gregtech~plasma.manganese,55536,303,true,fluid/gregtech/plasma.manganese.png,plasma.manganese,Manganese Plasma,15,gregtech,,10000,fluid.plasma.manganese,10
f~gregtech~plasma.mercury,55536,304,true,fluid/gregtech/plasma.mercury.png,plasma.mercury,Mercury Plasma,15,gregtech,,10000,fluid.plasma.mercury,10
f~gregtech~plasma.meteoriciron,55536,306,true,fluid/gregtech/plasma.meteoriciron.png,plasma.meteoriciron,Meteoric Iron Plasma,15,gregtech,,10000,fluid.plasma.meteoriciron,10
f~gregtech~plasma.molybdenum,55536,308,true,fluid/gregtech/plasma.molybdenum.png,plasma.molybdenum,Molybdenum Plasma,15,gregtech,,10000,fluid.plasma.molybdenum,10
f~gregtech~plasma.naquadah,55536,310,true,fluid/gregtech/plasma.naquadah.png,plasma.naquadah,Naquadah Plasma,15,gregtech,,10000,fluid.plasma.naquadah,10
f~gregtech~plasma.naquadria,55536,433,true,fluid/gregtech/plasma.naquadria.png,plasma.naquadria,Naquadria Plasma,15,gregtech,,10000,fluid.plasma.naquadria,10
f~gregtech~plasma.neodymium,55536,312,true,fluid/gregtech/plasma.neodymium.png,plasma.neodymium,Neodymium Plasma,15,gregtech,,10000,fluid.plasma.neodymium,10
f~gregtech~plasma.neutronium,55536,314,true,fluid/gregtech/plasma.neutronium.png,plasma.neutronium,Neutronium Plasma,15,gregtech,,10000,fluid.plasma.neutronium,10
f~gregtech~plasma.nickel,55536,316,true,fluid/gregtech/plasma.nickel.png,plasma.nickel,Nickel Plasma,15,gregtech,,10000,fluid.plasma.nickel,10
f~gregtech~plasma.niobium,55536,318,true,fluid/gregtech/plasma.niobium.png,plasma.niobium,Niobium Plasma,15,gregtech,,10000,fluid.plasma.niobium,10
f~gregtech~plasma.nitrogen,55536,319,true,fluid/gregtech/plasma.nitrogen.png,plasma.nitrogen,Nitrogen Plasma,15,gregtech,,10000,fluid.plasma.nitrogen,10
f~gregtech~plasma.null,55536,320,true,fluid/gregtech/plasma.null.png,plasma.null,NULL Plasma,15,gregtech,,10000,fluid.plasma.null,10
f~gregtech~plasma.oriharukon,55536,322,true,fluid/gregtech/plasma.oriharukon.png,plasma.oriharukon,Oriharukon Plasma,15,gregtech,,10000,fluid.plasma.oriharukon,10
f~gregtech~plasma.osmium,55536,324,true,fluid/gregtech/plasma.osmium.png,plasma.osmium,Osmium Plasma,15,gregtech,,10000,fluid.plasma.osmium,10
f~gregtech~plasma.oxygen,55536,325,true,fluid/gregtech/plasma.oxygen.png,plasma.oxygen,Oxygen Plasma,15,gregtech,,10000,fluid.plasma.oxygen,10
f~gregtech~plasma.palladium,55536,327,true,fluid/gregtech/plasma.palladium.png,plasma.palladium,Palladium Plasma,15,gregtech,,10000,fluid.plasma.palladium,10
f~gregtech~plasma.phosphorus,55536,328,true,fluid/gregtech/plasma.phosphorus.png,plasma.phosphorus,Phosphorus Plasma,15,gregtech,,10000,fluid.plasma.phosphorus,10
f~gregtech~plasma.platinum,55536,330,true,fluid/gregtech/plasma.platinum.png,plasma.platinum,Platinum Plasma,15,gregtech,,10000,fluid.plasma.platinum,10
f~gregtech~plasma.plutonium,55536,332,true,fluid/gregtech/plasma.plutonium.png,plasma.plutonium,Plutonium 239 Plasma,15,gregtech,,10000,fluid.plasma.plutonium,10
f~gregtech~plasma.plutonium241,55536,385,true,fluid/gregtech/plasma.plutonium241.png,plasma.plutonium241,Plutonium 241 Plasma,15,gregtech,,10000,fluid.plasma.plutonium241,10
f~gregtech~plasma.potassium,55536,334,true,fluid/gregtech/plasma.potassium.png,plasma.potassium,Potassium Plasma,15,gregtech,,10000,fluid.plasma.potassium,10
f~gregtech~plasma.praseodymium,55536,336,true,fluid/gregtech/plasma.praseodymium.png,plasma.praseodymium,Praseodymium Plasma,15,gregtech,,10000,fluid.plasma.praseodymium,10
f~gregtech~plasma.promethium,55536,338,true,fluid/gregtech/plasma.promethium.png,plasma.promethium,Promethium Plasma,15,gregtech,,10000,fluid.plasma.promethium,10
f~gregtech~plasma.radon,55536,339,true,fluid/gregtech/plasma.radon.png,plasma.radon,Radon Plasma,15,gregtech,,10000,fluid.plasma.radon,10
f~gregtech~plasma.redstone,55536,640,true,fluid/gregtech/plasma.redstone.png,plasma.redstone,Redstone Plasma,15,gregtech,,10000,fluid.plasma.redstone,10
f~gregtech~plasma.rubidium,55536,341,true,fluid/gregtech/plasma.rubidium.png,plasma.rubidium,Rubidium Plasma,15,gregtech,,10000,fluid.plasma.rubidium,10
f~gregtech~plasma.samarium,55536,343,true,fluid/gregtech/plasma.samarium.png,plasma.samarium,Samarium Plasma,15,gregtech,,10000,fluid.plasma.samarium,10
f~gregtech~plasma.scandium,55536,345,true,fluid/gregtech/plasma.scandium.png,plasma.scandium,Scandium Plasma,15,gregtech,,10000,fluid.plasma.scandium,10
f~gregtech~plasma.silicon,55536,347,true,fluid/gregtech/plasma.silicon.png,plasma.silicon,Raw Silicon Plasma,15,gregtech,,10000,fluid.plasma.silicon,10
f~gregtech~plasma.silver,55536,349,true,fluid/gregtech/plasma.silver.png,plasma.silver,Silver Plasma,15,gregtech,,10000,fluid.plasma.silver,10
f~gregtech~plasma.sixphasedcopper,55536,821,true,fluid/gregtech/plasma.sixphasedcopper.png,plasma.sixphasedcopper,Six-Phased Copper Plasma,15,gregtech,,10000,fluid.plasma.sixphasedcopper,10
f~gregtech~plasma.sodium,55536,350,true,fluid/gregtech/plasma.sodium.png,plasma.sodium,Sodium Plasma,15,gregtech,,10000,fluid.plasma.sodium,10
f~gregtech~plasma.strontium,55536,352,true,fluid/gregtech/plasma.strontium.png,plasma.strontium,Strontium Plasma,15,gregtech,,10000,fluid.plasma.strontium,10
f~gregtech~plasma.sulfur,55536,353,true,fluid/gregtech/plasma.sulfur.png,plasma.sulfur,Sulfur Plasma,15,gregtech,,10000,fluid.plasma.sulfur,10
f~gregtech~plasma.tantalum,55536,355,true,fluid/gregtech/plasma.tantalum.png,plasma.tantalum,Tantalum Plasma,15,gregtech,,10000,fluid.plasma.tantalum,10
f~gregtech~plasma.tellurium,55536,357,true,fluid/gregtech/plasma.tellurium.png,plasma.tellurium,Tellurium Plasma,15,gregtech,,10000,fluid.plasma.tellurium,10
f~gregtech~plasma.terbium,55536,359,true,fluid/gregtech/plasma.terbium.png,plasma.terbium,Terbium Plasma,15,gregtech,,10000,fluid.plasma.terbium,10
f~gregtech~plasma.thorium,55536,361,true,fluid/gregtech/plasma.thorium.png,plasma.thorium,Thorium Plasma,15,gregtech,,10000,fluid.plasma.thorium,10
f~gregtech~plasma.thulium,55536,363,true,fluid/gregtech/plasma.thulium.png,plasma.thulium,Thulium Plasma,15,gregtech,,10000,fluid.plasma.thulium,10
f~gregtech~plasma.tin,55536,365,true,fluid/gregtech/plasma.tin.png,plasma.tin,Tin Plasma,15,gregtech,,10000,fluid.plasma.tin,10
f~gregtech~plasma.titanium,55536,367,true,fluid/gregtech/plasma.titanium.png,plasma.titanium,Titanium Plasma,15,gregtech,,10000,fluid.plasma.titanium,10
f~gregtech~plasma.tritanium,55536,369,true,fluid/gregtech/plasma.tritanium.png,plasma.tritanium,Tritanium Plasma,15,gregtech,,10000,fluid.plasma.tritanium,10
f~gregtech~plasma.tritium,55536,386,true,fluid/gregtech/plasma.tritium.png,plasma.tritium,Tritium Plasma,15,gregtech,,10000,fluid.plasma.tritium,10
f~gregtech~plasma.tungsten,55536,371,true,fluid/gregtech/plasma.tungsten.png,plasma.tungsten,Tungsten Plasma,15,gregtech,,10000,fluid.plasma.tungsten,10
f~gregtech~plasma.uranium,55536,373,true,fluid/gregtech/plasma.uranium.png,plasma.uranium,Uranium 238 Plasma,15,gregtech,,10000,fluid.plasma.uranium,10
f~gregtech~plasma.uranium235,55536,388,true,fluid/gregtech/plasma.uranium235.png,plasma.uranium235,Uranium 235 Plasma,15,gregtech,,10000,fluid.plasma.uranium235,10
f~gregtech~plasma.vanadium,55536,375,true,fluid/gregtech/plasma.vanadium.png,plasma.vanadium,Vanadium Plasma,15,gregtech,,10000,fluid.plasma.vanadium,10
f~gregtech~plasma.ytterbium,55536,377,true,fluid/gregtech/plasma.ytterbium.png,plasma.ytterbium,Ytterbium Plasma,15,gregtech,,10000,fluid.plasma.ytterbium,10
f~gregtech~plasma.yttrium,55536,379,true,fluid/gregtech/plasma.yttrium.png,plasma.yttrium,Yttrium Plasma,15,gregtech,,10000,fluid.plasma.yttrium,10
f~gregtech~plasma.zinc,55536,381,true,fluid/gregtech/plasma.zinc.png,plasma.zinc,Zinc Plasma,15,gregtech,,10000,fluid.plasma.zinc,10
f~gregtech~poisonousslurry,1000,763,false,fluid/gregtech/poisonousslurry.png,poisonousslurry,Poisonous Slurry,0,gregtech,,295,fluid.poisonousslurry,1000
f~gregtech~pollution,1000,158,false,fluid/gregtech/pollution.png,pollution,Pollution,0,gregtech,,295,fluid.pollution,1000
f~gregtech~polyaluminiumchloride,1000,721,false,fluid/gregtech/polyaluminiumchloride.png,polyaluminiumchloride,Polyaluminium Chloride,0,gregtech,,295,fluid.polyaluminiumchloride,1000
f~gregtech~polyurethaneresin,1000,780,false,fluid/gregtech/polyurethaneresin.png,polyurethaneresin,Polyurethane Resin,0,gregtech,,295,fluid.polyurethaneresin,1000
f~gregtech~polyvinylacetate,1000,584,false,fluid/gregtech/polyvinylacetate.png,polyvinylacetate,Polyvinyl Acetate,0,gregtech,,333,fluid.polyvinylacetate,1000
f~gregtech~poornetherwaste,1000,739,false,fluid/gregtech/poornetherwaste.png,poornetherwaste,Poor Nether Waste,0,gregtech,,295,fluid.poornetherwaste,1000
f~gregtech~potion.alcopops,1000,929,false,fluid/gregtech/potion.alcopops.png,potion.alcopops,Alcopops,0,gregtech,,275,fluid.potion.alcopops,1000
f~gregtech~potion.applejuice,1000,920,false,fluid/gregtech/potion.applejuice.png,potion.applejuice,Apple Juice,0,gregtech,,295,fluid.potion.applejuice,1000
f~gregtech~potion.awkward,1000,836,false,fluid/gregtech/potion.awkward.png,potion.awkward,Awkward Brew,0,gregtech,,295,fluid.potion.awkward,1000
f~gregtech~potion.beer,1000,914,false,fluid/gregtech/potion.beer.png,potion.beer,Beer,0,gregtech,,275,fluid.potion.beer,1000
f~gregtech~potion.cavejohnsonsgrenadejuice,1000,930,false,fluid/gregtech/potion.cavejohnsonsgrenadejuice.png,potion.cavejohnsonsgrenadejuice,Cave Johnsons Grenade Juice,0,gregtech,,295,fluid.potion.cavejohnsonsgrenadejuice,1000
f~gregtech~potion.chillysauce,1000,915,false,fluid/gregtech/potion.chillysauce.png,potion.chillysauce,Chilly Sauce,0,gregtech,,375,fluid.potion.chillysauce,1000
f~gregtech~potion.chocolatemilk,1000,937,false,fluid/gregtech/potion.chocolatemilk.png,potion.chocolatemilk,Chocolate Milk,0,gregtech,,295,fluid.potion.chocolatemilk,1000
f~gregtech~potion.cider,1000,921,false,fluid/gregtech/potion.cider.png,potion.cider,Cider,0,gregtech,,295,fluid.potion.cider,1000
f~gregtech~potion.coffee,1000,931,false,fluid/gregtech/potion.coffee.png,potion.coffee,Coffee,0,gregtech,,295,fluid.potion.coffee,1000
f~gregtech~potion.damage,1000,839,false,fluid/gregtech/potion.damage.png,potion.damage,Harming Brew,0,gregtech,,295,fluid.potion.damage,1000
f~gregtech~potion.damage.splash,1000,841,false,fluid/gregtech/potion.damage.splash.png,potion.damage.splash,Splash Harming Brew,0,gregtech,,295,fluid.potion.damage.splash,1000
f~gregtech~potion.damage.strong,1000,840,false,fluid/gregtech/potion.damage.strong.png,potion.damage.strong,Strong Harming Brew,0,gregtech,,295,fluid.potion.damage.strong,1000
f~gregtech~potion.damage.strong.splash,1000,842,false,fluid/gregtech/potion.damage.strong.splash.png,potion.damage.strong.splash,Strong Splash Harming Brew,0,gregtech,,295,fluid.potion.damage.strong.splash,1000
f~gregtech~potion.darkbeer,1000,908,false,fluid/gregtech/potion.darkbeer.png,potion.darkbeer,Dark Beer,0,gregtech,,275,fluid.potion.darkbeer,1000
f~gregtech~potion.darkchocolatemilk,1000,936,false,fluid/gregtech/potion.darkchocolatemilk.png,potion.darkchocolatemilk,Dark Chocolate Milk,0,gregtech,,295,fluid.potion.darkchocolatemilk,1000
f~gregtech~potion.diablosauce,1000,918,false,fluid/gregtech/potion.diablosauce.png,potion.diablosauce,Diablo Sauce,0,gregtech,,390,fluid.potion.diablosauce,1000
f~gregtech~potion.diablosauce.strong,1000,919,false,fluid/gregtech/potion.diablosauce.strong.png,potion.diablosauce.strong,Old Man Snitches glitched Diablo Sauce,0,gregtech,,999,fluid.potion.diablosauce.strong,1000
f~gregtech~potion.diabolosauce,1000,917,false,fluid/gregtech/potion.diabolosauce.png,potion.diabolosauce,Diabolo Sauce,0,gregtech,,385,fluid.potion.diabolosauce,1000
f~gregtech~potion.dragonblood,1000,909,false,fluid/gregtech/potion.dragonblood.png,potion.dragonblood,Dragon Blood,0,gregtech,,375,fluid.potion.dragonblood,1000
f~gregtech~potion.fireresistance,1000,871,false,fluid/gregtech/potion.fireresistance.png,potion.fireresistance,Fire Resistant Brew,0,gregtech,,375,fluid.potion.fireresistance,1000
f~gregtech~potion.fireresistance.long,1000,872,false,fluid/gregtech/potion.fireresistance.long.png,potion.fireresistance.long,Stretched Fire Resistant Brew,0,gregtech,,375,fluid.potion.fireresistance.long,1000
f~gregtech~potion.fireresistance.long.splash,1000,874,false,fluid/gregtech/potion.fireresistance.long.splash.png,potion.fireresistance.long.splash,Stretched Splash Fire Resistant Brew,0,gregtech,,375,fluid.potion.fireresistance.long.splash,1000
f~gregtech~potion.fireresistance.splash,1000,873,false,fluid/gregtech/potion.fireresistance.splash.png,potion.fireresistance.splash,Splash Fire Resistant Brew,0,gregtech,,375,fluid.potion.fireresistance.splash,1000
f~gregtech~potion.glenmckenner,1000,912,false,fluid/gregtech/potion.glenmckenner.png,potion.glenmckenner,Glen McKenner,0,gregtech,,275,fluid.potion.glenmckenner,1000
f~gregtech~potion.goldenapplejuice,1000,922,false,fluid/gregtech/potion.goldenapplejuice.png,potion.goldenapplejuice,Golden Apple Juice,0,gregtech,,295,fluid.potion.goldenapplejuice,1000
f~gregtech~potion.goldencider,1000,923,false,fluid/gregtech/potion.goldencider.png,potion.goldencider,Golden Cider,0,gregtech,,295,fluid.potion.goldencider,1000
f~gregtech~potion.grapejuice,1000,896,false,fluid/gregtech/potion.grapejuice.png,potion.grapejuice,Grape Juice,0,gregtech,,295,fluid.potion.grapejuice,1000
f~gregtech~potion.health,1000,843,false,fluid/gregtech/potion.health.png,potion.health,Healing Brew,0,gregtech,,295,fluid.potion.health,1000
f~gregtech~potion.health.splash,1000,845,false,fluid/gregtech/potion.health.splash.png,potion.health.splash,Splash Healing Brew,0,gregtech,,295,fluid.potion.health.splash,1000
f~gregtech~potion.health.strong,1000,844,false,fluid/gregtech/potion.health.strong.png,potion.health.strong,Strong Healing Brew,0,gregtech,,295,fluid.potion.health.strong,1000
f~gregtech~potion.health.strong.splash,1000,846,false,fluid/gregtech/potion.health.strong.splash.png,potion.health.strong.splash,Strong Splash Healing Brew,0,gregtech,,295,fluid.potion.health.strong.splash,1000
f~gregtech~potion.hopsjuice,1000,907,false,fluid/gregtech/potion.hopsjuice.png,potion.hopsjuice,Hops Juice,0,gregtech,,295,fluid.potion.hopsjuice,1000
f~gregtech~potion.hotsauce,1000,916,false,fluid/gregtech/potion.hotsauce.png,potion.hotsauce,Hot Sauce,0,gregtech,,380,fluid.potion.hotsauce,1000
f~gregtech~potion.icetea,1000,940,false,fluid/gregtech/potion.icetea.png,potion.icetea,Ice Tea,0,gregtech,,255,fluid.potion.icetea,1000
f~gregtech~potion.idunsapplejuice,1000,924,false,fluid/gregtech/potion.idunsapplejuice.png,potion.idunsapplejuice,Idun's Apple Juice,0,gregtech,,295,fluid.potion.idunsapplejuice,1000
f~gregtech~potion.invisibility,1000,891,false,fluid/gregtech/potion.invisibility.png,potion.invisibility,Invisible Brew,0,gregtech,,295,fluid.potion.invisibility,1000
f~gregtech~potion.invisibility.long,1000,892,false,fluid/gregtech/potion.invisibility.long.png,potion.invisibility.long,Stretched Invisible Brew,0,gregtech,,295,fluid.potion.invisibility.long,1000
f~gregtech~potion.invisibility.long.splash,1000,894,false,fluid/gregtech/potion.invisibility.long.splash.png,potion.invisibility.long.splash,Stretched Splash Invisible Brew,0,gregtech,,295,fluid.potion.invisibility.long.splash,1000
f~gregtech~potion.invisibility.splash,1000,893,false,fluid/gregtech/potion.invisibility.splash.png,potion.invisibility.splash,Splash Invisible Brew,0,gregtech,,295,fluid.potion.invisibility.splash,1000
f~gregtech~potion.latte,1000,933,false,fluid/gregtech/potion.latte.png,potion.latte,Latte,0,gregtech,,295,fluid.potion.latte,1000
f~gregtech~potion.lemonade,1000,928,false,fluid/gregtech/potion.lemonade.png,potion.lemonade,Lemonade,0,gregtech,,275,fluid.potion.lemonade,1000
f~gregtech~potion.lemonjuice,1000,926,false,fluid/gregtech/potion.lemonjuice.png,potion.lemonjuice,Lemon Juice,0,gregtech,,295,fluid.potion.lemonjuice,1000
f~gregtech~potion.leninade,1000,901,false,fluid/gregtech/potion.leninade.png,potion.leninade,Leninade,0,gregtech,,275,fluid.potion.leninade,1000
f~gregtech~potion.limoncello,1000,927,false,fluid/gregtech/potion.limoncello.png,potion.limoncello,Limoncello,0,gregtech,,295,fluid.potion.limoncello,1000
f~gregtech~potion.mineralwater,1000,902,false,fluid/gregtech/potion.mineralwater.png,potion.mineralwater,Mineral Water,0,gregtech,,275,fluid.potion.mineralwater,1000
f~gregtech~potion.mundane,1000,838,false,fluid/gregtech/potion.mundane.png,potion.mundane,Mundane Brew,0,gregtech,,295,fluid.potion.mundane,1000
f~gregtech~potion.nightvision,1000,875,false,fluid/gregtech/potion.nightvision.png,potion.nightvision,Night Vision Brew,0,gregtech,,295,fluid.potion.nightvision,1000
f~gregtech~potion.nightvision.long,1000,876,false,fluid/gregtech/potion.nightvision.long.png,potion.nightvision.long,Stretched Night Vision Brew,0,gregtech,,295,fluid.potion.nightvision.long,1000
f~gregtech~potion.nightvision.long.splash,1000,878,false,fluid/gregtech/potion.nightvision.long.splash.png,potion.nightvision.long.splash,Stretched Splash Night Vision Brew,0,gregtech,,295,fluid.potion.nightvision.long.splash,1000
f~gregtech~potion.nightvision.splash,1000,877,false,fluid/gregtech/potion.nightvision.splash.png,potion.nightvision.splash,Splash Night Vision Brew,0,gregtech,,295,fluid.potion.nightvision.splash,1000
f~gregtech~potion.notchesbrew,1000,925,false,fluid/gregtech/potion.notchesbrew.png,potion.notchesbrew,Notches Brew,0,gregtech,,295,fluid.potion.notchesbrew,1000
f~gregtech~potion.piratebrew,1000,906,false,fluid/gregtech/potion.piratebrew.png,potion.piratebrew,Pirate Brew,0,gregtech,,295,fluid.potion.piratebrew,1000
f~gregtech~potion.poison,1000,865,false,fluid/gregtech/potion.poison.png,potion.poison,Poisonous Brew,0,gregtech,,295,fluid.potion.poison,1000
f~gregtech~potion.poison.long,1000,867,false,fluid/gregtech/potion.poison.long.png,potion.poison.long,Stretched Poisonous Brew,0,gregtech,,295,fluid.potion.poison.long,1000
f~gregtech~potion.poison.long.splash,1000,870,false,fluid/gregtech/potion.poison.long.splash.png,potion.poison.long.splash,Stretched Splash Poisonous Brew,0,gregtech,,295,fluid.potion.poison.long.splash,1000
f~gregtech~potion.poison.splash,1000,868,false,fluid/gregtech/potion.poison.splash.png,potion.poison.splash,Splash Poisonous Brew,0,gregtech,,295,fluid.potion.poison.splash,1000
f~gregtech~potion.poison.strong,1000,866,false,fluid/gregtech/potion.poison.strong.png,potion.poison.strong,Strong Poisonous Brew,0,gregtech,,295,fluid.potion.poison.strong,1000
f~gregtech~potion.poison.strong.splash,1000,869,false,fluid/gregtech/potion.poison.strong.splash.png,potion.poison.strong.splash,Strong Splash Poisonous Brew,0,gregtech,,295,fluid.potion.poison.strong.splash,1000
f~gregtech~potion.potatojuice,1000,899,false,fluid/gregtech/potion.potatojuice.png,potion.potatojuice,Potato Juice,0,gregtech,,295,fluid.potion.potatojuice,1000
f~gregtech~potion.purpledrink,1000,895,false,fluid/gregtech/potion.purpledrink.png,potion.purpledrink,Purple Drink,0,gregtech,,275,fluid.potion.purpledrink,1000
f~gregtech~potion.reedwater,1000,904,false,fluid/gregtech/potion.reedwater.png,potion.reedwater,Reed Water,0,gregtech,,295,fluid.potion.reedwater,1000
f~gregtech~potion.regen,1000,859,false,fluid/gregtech/potion.regen.png,potion.regen,Regenerating Brew,0,gregtech,,295,fluid.potion.regen,1000
f~gregtech~potion.regen.long,1000,861,false,fluid/gregtech/potion.regen.long.png,potion.regen.long,Stretched Regenerating Brew,0,gregtech,,295,fluid.potion.regen.long,1000
f~gregtech~potion.regen.long.splash,1000,864,false,fluid/gregtech/potion.regen.long.splash.png,potion.regen.long.splash,Stretched Splash Regenerating Brew,0,gregtech,,295,fluid.potion.regen.long.splash,1000
f~gregtech~potion.regen.splash,1000,862,false,fluid/gregtech/potion.regen.splash.png,potion.regen.splash,Splash Regenerating Brew,0,gregtech,,295,fluid.potion.regen.splash,1000
f~gregtech~potion.regen.strong,1000,860,false,fluid/gregtech/potion.regen.strong.png,potion.regen.strong,Strong Regenerating Brew,0,gregtech,,295,fluid.potion.regen.strong,1000
f~gregtech~potion.regen.strong.splash,1000,863,false,fluid/gregtech/potion.regen.strong.splash.png,potion.regen.strong.splash,Strong Splash Regenerating Brew,0,gregtech,,295,fluid.potion.regen.strong.splash,1000
f~gregtech~potion.rum,1000,905,false,fluid/gregtech/potion.rum.png,potion.rum,Rum,0,gregtech,,295,fluid.potion.rum,1000
f~gregtech~potion.saltywater,1000,903,false,fluid/gregtech/potion.saltywater.png,potion.saltywater,Salty Water,0,gregtech,,275,fluid.potion.saltywater,1000
f~gregtech~potion.scotch,1000,911,false,fluid/gregtech/potion.scotch.png,potion.scotch,Scotch,0,gregtech,,275,fluid.potion.scotch,1000
f~gregtech~potion.slowness,1000,883,false,fluid/gregtech/potion.slowness.png,potion.slowness,Lame Brew,0,gregtech,,295,fluid.potion.slowness,1000
f~gregtech~potion.slowness.long,1000,884,false,fluid/gregtech/potion.slowness.long.png,potion.slowness.long,Stretched Lame Brew,0,gregtech,,295,fluid.potion.slowness.long,1000
f~gregtech~potion.slowness.long.splash,1000,886,false,fluid/gregtech/potion.slowness.long.splash.png,potion.slowness.long.splash,Stretched Splash Lame Brew,0,gregtech,,295,fluid.potion.slowness.long.splash,1000
f~gregtech~potion.slowness.splash,1000,885,false,fluid/gregtech/potion.slowness.splash.png,potion.slowness.splash,Splash Lame Brew,0,gregtech,,295,fluid.potion.slowness.splash,1000
f~gregtech~potion.speed,1000,847,false,fluid/gregtech/potion.speed.png,potion.speed,Swiftness Brew,0,gregtech,,295,fluid.potion.speed,1000
f~gregtech~potion.speed.long,1000,849,false,fluid/gregtech/potion.speed.long.png,potion.speed.long,Stretched Swiftness Brew,0,gregtech,,295,fluid.potion.speed.long,1000
f~gregtech~potion.speed.long.splash,1000,852,false,fluid/gregtech/potion.speed.long.splash.png,potion.speed.long.splash,Stretched Splash Swiftness Brew,0,gregtech,,295,fluid.potion.speed.long.splash,1000
f~gregtech~potion.speed.splash,1000,850,false,fluid/gregtech/potion.speed.splash.png,potion.speed.splash,Splash Swiftness Brew,0,gregtech,,295,fluid.potion.speed.splash,1000
f~gregtech~potion.speed.strong,1000,848,false,fluid/gregtech/potion.speed.strong.png,potion.speed.strong,Strong Swiftness Brew,0,gregtech,,295,fluid.potion.speed.strong,1000
f~gregtech~potion.speed.strong.splash,1000,851,false,fluid/gregtech/potion.speed.strong.splash.png,potion.speed.strong.splash,Strong Splash Swiftness Brew,0,gregtech,,295,fluid.potion.speed.strong.splash,1000
f~gregtech~potion.strength,1000,853,false,fluid/gregtech/potion.strength.png,potion.strength,Strength Brew,0,gregtech,,295,fluid.potion.strength,1000
f~gregtech~potion.strength.long,1000,855,false,fluid/gregtech/potion.strength.long.png,potion.strength.long,Stretched Strength Brew,0,gregtech,,295,fluid.potion.strength.long,1000
f~gregtech~potion.strength.long.splash,1000,858,false,fluid/gregtech/potion.strength.long.splash.png,potion.strength.long.splash,Stretched Splash Strength Brew,0,gregtech,,295,fluid.potion.strength.long.splash,1000
f~gregtech~potion.strength.splash,1000,856,false,fluid/gregtech/potion.strength.splash.png,potion.strength.splash,Splash Strength Brew,0,gregtech,,295,fluid.potion.strength.splash,1000
f~gregtech~potion.strength.strong,1000,854,false,fluid/gregtech/potion.strength.strong.png,potion.strength.strong,Strong Strength Brew,0,gregtech,,295,fluid.potion.strength.strong,1000
f~gregtech~potion.strength.strong.splash,1000,857,false,fluid/gregtech/potion.strength.strong.splash.png,potion.strength.strong.splash,Strong Splash Strength Brew,0,gregtech,,295,fluid.potion.strength.strong.splash,1000
f~gregtech~potion.sweetcoffee,1000,932,false,fluid/gregtech/potion.sweetcoffee.png,potion.sweetcoffee,Sweet Coffee,0,gregtech,,295,fluid.potion.sweetcoffee,1000
f~gregtech~potion.sweetjesuslatte,1000,935,false,fluid/gregtech/potion.sweetjesuslatte.png,potion.sweetjesuslatte,Sweet Jesus Latte,0,gregtech,,295,fluid.potion.sweetjesuslatte,1000
f~gregtech~potion.sweetlatte,1000,934,false,fluid/gregtech/potion.sweetlatte.png,potion.sweetlatte,Sweet Latte,0,gregtech,,295,fluid.potion.sweetlatte,1000
f~gregtech~potion.sweettea,1000,939,false,fluid/gregtech/potion.sweettea.png,potion.sweettea,Sweet Tea,0,gregtech,,295,fluid.potion.sweettea,1000
f~gregtech~potion.tea,1000,938,false,fluid/gregtech/potion.tea.png,potion.tea,Tea,0,gregtech,,295,fluid.potion.tea,1000
f~gregtech~potion.thick,1000,837,false,fluid/gregtech/potion.thick.png,potion.thick,Thick Brew,0,gregtech,,295,fluid.potion.thick,1000
f~gregtech~potion.vinegar,1000,898,false,fluid/gregtech/potion.vinegar.png,potion.vinegar,Vinegar,0,gregtech,,295,fluid.potion.vinegar,1000
f~gregtech~potion.vodka,1000,900,false,fluid/gregtech/potion.vodka.png,potion.vodka,Vodka,0,gregtech,,275,fluid.potion.vodka,1000
f~gregtech~potion.waterbreathing,1000,887,false,fluid/gregtech/potion.waterbreathing.png,potion.waterbreathing,Fishy Brew,0,gregtech,,295,fluid.potion.waterbreathing,1000
f~gregtech~potion.waterbreathing.long,1000,888,false,fluid/gregtech/potion.waterbreathing.long.png,potion.waterbreathing.long,Stretched Fishy Brew,0,gregtech,,295,fluid.potion.waterbreathing.long,1000
f~gregtech~potion.waterbreathing.long.splash,1000,890,false,fluid/gregtech/potion.waterbreathing.long.splash.png,potion.waterbreathing.long.splash,Stretched Splash Fishy Brew,0,gregtech,,295,fluid.potion.waterbreathing.long.splash,1000
f~gregtech~potion.waterbreathing.splash,1000,889,false,fluid/gregtech/potion.waterbreathing.splash.png,potion.waterbreathing.splash,Splash Fishy Brew,0,gregtech,,295,fluid.potion.waterbreathing.splash,1000
f~gregtech~potion.weakness,1000,879,false,fluid/gregtech/potion.weakness.png,potion.weakness,Weakening Brew,0,gregtech,,295,fluid.potion.weakness,1000
f~gregtech~potion.weakness.long,1000,880,false,fluid/gregtech/potion.weakness.long.png,potion.weakness.long,Stretched Weakening Brew,0,gregtech,,295,fluid.potion.weakness.long,1000
f~gregtech~potion.weakness.long.splash,1000,882,false,fluid/gregtech/potion.weakness.long.splash.png,potion.weakness.long.splash,Stretched Splash Weakening Brew,0,gregtech,,295,fluid.potion.weakness.long.splash,1000
f~gregtech~potion.weakness.splash,1000,881,false,fluid/gregtech/potion.weakness.splash.png,potion.weakness.splash,Splash Weakening Brew,0,gregtech,,295,fluid.potion.weakness.splash,1000
f~gregtech~potion.wheatyhopsjuice,1000,913,false,fluid/gregtech/potion.wheatyhopsjuice.png,potion.wheatyhopsjuice,Wheaty Hops Juice,0,gregtech,,295,fluid.potion.wheatyhopsjuice,1000
f~gregtech~potion.wheatyjuice,1000,910,false,fluid/gregtech/potion.wheatyjuice.png,potion.wheatyjuice,Wheaty Juice,0,gregtech,,295,fluid.potion.wheatyjuice,1000
f~gregtech~potion.wine,1000,897,false,fluid/gregtech/potion.wine.png,potion.wine,Wine,0,gregtech,,295,fluid.potion.wine,1000
f~gregtech~primordialmatter,1000,170,false,fluid/gregtech/primordialmatter.png,primordialmatter,Liquid Primordial Matter,0,gregtech,,2000000000,fluid.primordialmatter,1000
f~gregtech~prismarinecontaminatedhydrogenperoxide,1000,743,false,fluid/gregtech/prismarinecontaminatedhydrogenperoxide.png,prismarinecontaminatedhydrogenperoxide,Prismarine-Contaminated Hydrogen Peroxide,0,gregtech,,295,fluid.prismarinecontaminatedhydrogenperoxide,1000
f~gregtech~prismarinecontaminatednitrobenzenesolution,1000,745,false,fluid/gregtech/prismarinecontaminatednitrobenzenesolution.png,prismarinecontaminatednitrobenzenesolution,Prismarine-Contaminated Nitrobenzene Solution,0,gregtech,,295,fluid.prismarinecontaminatednitrobenzenesolution,1000
f~gregtech~prismarinerichnitrobenzenesolution,1000,744,false,fluid/gregtech/prismarinerichnitrobenzenesolution.png,prismarinerichnitrobenzenesolution,Prismarine-Rich Nitrobenzene Solution,0,gregtech,,295,fluid.prismarinerichnitrobenzenesolution,1000
f~gregtech~prismarinesolution,1000,742,false,fluid/gregtech/prismarinesolution.png,prismarinesolution,Prismarine Solution,0,gregtech,,295,fluid.prismarinesolution,1000
f~gregtech~prismaticacid,1000,747,false,fluid/gregtech/prismaticacid.png,prismaticacid,Prismatic Acid,0,gregtech,,295,fluid.prismaticacid,1000
f~gregtech~prismaticgas,1000,746,false,fluid/gregtech/prismaticgas.png,prismaticgas,Prismatic Gas,0,gregtech,,295,fluid.prismaticgas,1000
f~gregtech~prismaticnaquadahcompositeslurry,1000,749,false,fluid/gregtech/prismaticnaquadahcompositeslurry.png,prismaticnaquadahcompositeslurry,Prismatic Naquadah Composite Slurry,0,gregtech,,295,fluid.prismaticnaquadahcompositeslurry,1000
f~gregtech~propane,-100,586,true,fluid/gregtech/propane.png,propane,Propane,0,gregtech,,295,fluid.propane,200
f~gregtech~propene,-100,593,true,fluid/gregtech/propene.png,propene,Propene,0,gregtech,,295,fluid.propene,200
f~gregtech~protohalkonitebase,1000,826,false,fluid/gregtech/protohalkonitebase.png,protohalkonitebase,Molten Proto-Halkonite Steel Base,0,gregtech,,295,fluid.protohalkonitebase,1000
f~gregtech~protomatter,1000,175,false,fluid/gregtech/protomatter.png,protomatter,Protomatter,0,gregtech,,1,fluid.protomatter,1000
f~gregtech~quarkgluonplasma,1000,171,false,fluid/gregtech/quarkgluonplasma.png,quarkgluonplasma,Degenerate Quark Gluon Plasma,0,gregtech,,2000000000,fluid.quarkgluonplasma,1000
f~gregtech~radon,-100,117,true,fluid/gregtech/radon.png,radon,Radon,0,gregtech,,295,fluid.radon,200
f~gregtech~radoxgas,-100,725,true,fluid/gregtech/radoxgas.png,radoxgas,Radox Gas,0,gregtech,,295,fluid.radoxgas,200
f~gregtech~radoxpoly,-100,729,true,fluid/gregtech/radoxpoly.png,radoxpoly,Radox Polymer,0,gregtech,,6203,fluid.radoxpoly,200
f~gregtech~rawgasoline,1000,680,false,fluid/gregtech/rawgasoline.png,rawgasoline,Raw Gasoline,0,gregtech,,295,fluid.rawgasoline,1000
f~gregtech~rawradox,1000,730,false,fluid/gregtech/rawradox.png,rawradox,Raw Radox,0,gregtech,,295,fluid.rawradox,1000
f~gregtech~rawstarmatter,1000,167,false,fluid/gregtech/rawstarmatter.png,rawstarmatter,Condensed Raw Stellar Plasma Mixture,0,gregtech,,10000000,fluid.rawstarmatter,1000
f~gregtech~redmud,1000,639,false,fluid/gregtech/redmud.png,redmud,Red Mud,0,gregtech,,295,fluid.redmud,1000
f~gregtech~refinedglue,1000,155,false,fluid/gregtech/refinedglue.png,refinedglue,Refined Glue,0,gregtech,,295,fluid.refinedglue,1000
f~gregtech~richnetherwaste,1000,740,false,fluid/gregtech/richnetherwaste.png,richnetherwaste,Rich Nether Waste,0,gregtech,,295,fluid.richnetherwaste,1000
f~gregtech~rubyjuice,1000,804,false,fluid/gregtech/rubyjuice.png,rubyjuice,Ruby Juice,0,gregtech,,295,fluid.rubyjuice,1000
f~gregtech~saltwater,1000,600,false,fluid/gregtech/saltwater.png,saltwater,Salt Water,0,gregtech,,271,fluid.saltwater,1000
f~gregtech~sapphirejuice,1000,803,false,fluid/gregtech/sapphirejuice.png,sapphirejuice,Sapphire Juice,0,gregtech,,295,fluid.sapphirejuice,1000
f~gregtech~severelyhydrocracked.butadiene,-100,526,true,fluid/gregtech/severelyhydrocracked.butadiene.png,severelyhydrocracked.butadiene,Severely Hydro-Cracked Butadiene,0,gregtech,,775,fluid.severelyhydrocracked.butadiene,200
f~gregtech~severelyhydrocracked.butane,-100,533,true,fluid/gregtech/severelyhydrocracked.butane.png,severelyhydrocracked.butane,Severely Hydro-Cracked Butane,0,gregtech,,775,fluid.severelyhydrocracked.butane,200
f~gregtech~severelyhydrocracked.butene,-100,540,true,fluid/gregtech/severelyhydrocracked.butene.png,severelyhydrocracked.butene,Severely Hydro-Cracked Butene,0,gregtech,,775,fluid.severelyhydrocracked.butene,200
f~gregtech~severelyhydrocracked.ethane,-100,558,true,fluid/gregtech/severelyhydrocracked.ethane.png,severelyhydrocracked.ethane,Severely Hydro-Cracked Ethane,0,gregtech,,775,fluid.severelyhydrocracked.ethane,200
f~gregtech~severelyhydrocracked.ethylene,-100,566,true,fluid/gregtech/severelyhydrocracked.ethylene.png,severelyhydrocracked.ethylene,Severely Hydro-Cracked Ethylene,0,gregtech,,775,fluid.severelyhydrocracked.ethylene,200
f~gregtech~severelyhydrocracked.gas,-100,495,true,fluid/gregtech/severelyhydrocracked.gas.png,severelyhydrocracked.gas,Severely Hydro-Cracked Refinery Gas,0,gregtech,,775,fluid.severelyhydrocracked.gas,200
f~gregtech~severelyhydrocracked.heavyfuel,-100,501,true,fluid/gregtech/severelyhydrocracked.heavyfuel.png,severelyhydrocracked.heavyfuel,Severely Hydro-Cracked Heavy Fuel,0,gregtech,,775,fluid.severelyhydrocracked.heavyfuel,200
f~gregtech~severelyhydrocracked.lightfuel,-100,507,true,fluid/gregtech/severelyhydrocracked.lightfuel.png,severelyhydrocracked.lightfuel,Severely Hydro-Cracked Light Fuel,0,gregtech,,775,fluid.severelyhydrocracked.lightfuel,200
f~gregtech~severelyhydrocracked.naphtha,-100,513,true,fluid/gregtech/severelyhydrocracked.naphtha.png,severelyhydrocracked.naphtha,Severely Hydro-Cracked Naphtha,0,gregtech,,775,fluid.severelyhydrocracked.naphtha,200
f~gregtech~severelyhydrocracked.propane,-100,589,true,fluid/gregtech/severelyhydrocracked.propane.png,severelyhydrocracked.propane,Severely Hydro-Cracked Propane,0,gregtech,,775,fluid.severelyhydrocracked.propane,200
f~gregtech~severelyhydrocracked.propene,-100,596,true,fluid/gregtech/severelyhydrocracked.propene.png,severelyhydrocracked.propene,Severely Hydro-Cracked Propene,0,gregtech,,775,fluid.severelyhydrocracked.propene,200
f~gregtech~severelysteamcracked.butadiene,-100,529,true,fluid/gregtech/severelysteamcracked.butadiene.png,severelysteamcracked.butadiene,Severely Steam-Cracked Butadiene,0,gregtech,,775,fluid.severelysteamcracked.butadiene,200
f~gregtech~severelysteamcracked.butane,-100,536,true,fluid/gregtech/severelysteamcracked.butane.png,severelysteamcracked.butane,Severely Steam-Cracked Butane,0,gregtech,,775,fluid.severelysteamcracked.butane,200
f~gregtech~severelysteamcracked.butene,-100,543,true,fluid/gregtech/severelysteamcracked.butene.png,severelysteamcracked.butene,Severely Steam-Cracked Butene,0,gregtech,,775,fluid.severelysteamcracked.butene,200
f~gregtech~severelysteamcracked.ethane,-100,561,true,fluid/gregtech/severelysteamcracked.ethane.png,severelysteamcracked.ethane,Severely Steam-Cracked Ethane,0,gregtech,,775,fluid.severelysteamcracked.ethane,200
f~gregtech~severelysteamcracked.ethylene,-100,569,true,fluid/gregtech/severelysteamcracked.ethylene.png,severelysteamcracked.ethylene,Severely Steam-Cracked Ethylene,0,gregtech,,775,fluid.severelysteamcracked.ethylene,200
f~gregtech~severelysteamcracked.gas,-100,498,true,fluid/gregtech/severelysteamcracked.gas.png,severelysteamcracked.gas,Severely Steam-Cracked Refinery Gas,0,gregtech,,775,fluid.severelysteamcracked.gas,200
f~gregtech~severelysteamcracked.heavyfuel,-100,504,true,fluid/gregtech/severelysteamcracked.heavyfuel.png,severelysteamcracked.heavyfuel,Severely Steam-Cracked Heavy Fuel,0,gregtech,,775,fluid.severelysteamcracked.heavyfuel,200
f~gregtech~severelysteamcracked.lightfuel,-100,510,true,fluid/gregtech/severelysteamcracked.lightfuel.png,severelysteamcracked.lightfuel,Severely Steam-Cracked Light Fuel,0,gregtech,,775,fluid.severelysteamcracked.lightfuel,200
f~gregtech~severelysteamcracked.naphtha,-100,516,true,fluid/gregtech/severelysteamcracked.naphtha.png,severelysteamcracked.naphtha,Severely Steam-Cracked Naphtha,0,gregtech,,775,fluid.severelysteamcracked.naphtha,200
f~gregtech~severelysteamcracked.propane,-100,592,true,fluid/gregtech/severelysteamcracked.propane.png,severelysteamcracked.propane,Severely Steam-Cracked Propane,0,gregtech,,775,fluid.severelysteamcracked.propane,200
f~gregtech~severelysteamcracked.propene,-100,599,true,fluid/gregtech/severelysteamcracked.propene.png,severelysteamcracked.propene,Severely Steam-Cracked Propene,0,gregtech,,775,fluid.severelysteamcracked.propene,200
f~gregtech~sgcrystalslurry,1000,828,false,fluid/gregtech/sgcrystalslurry.png,sgcrystalslurry,Stargate Crystal Slurry,0,gregtech,,295,fluid.sgcrystalslurry,1000
f~gregtech~silane,-100,611,true,fluid/gregtech/silane.png,silane,Silane,0,gregtech,,295,fluid.silane,200
f~gregtech~siliconoil,1000,777,false,fluid/gregtech/siliconoil.png,siliconoil,Silicon Oil,0,gregtech,,473,fluid.siliconoil,1000
f~gregtech~silicontetrachloride,1000,613,false,fluid/gregtech/silicontetrachloride.png,silicontetrachloride,Silicon Tetrachloride,0,gregtech,,204,fluid.silicontetrachloride,1000
f~gregtech~silicontetrafluoride,-100,614,true,fluid/gregtech/silicontetrafluoride.png,silicontetrafluoride,Silicon Tetrafluoride,0,gregtech,,295,fluid.silicontetrafluoride,200
f~gregtech~sluicejuice,1000,801,false,fluid/gregtech/sluicejuice.png,sluicejuice,Sluice Juice,0,gregtech,,295,fluid.sluicejuice,1000
f~gregtech~sodiumpersulfate,1000,149,false,fluid/gregtech/sodiumpersulfate.png,sodiumpersulfate,Sodium Persulfate,0,gregtech,,295,fluid.sodiumpersulfate,1000
f~gregtech~sodiumpotassium,1000,157,false,fluid/gregtech/sodiumpotassium.png,sodiumpotassium,Sodium Potassium,0,gregtech,,295,fluid.sodiumpotassium,1000
f~gregtech~solution.bluevitriol,1000,1470,false,fluid/gregtech/solution.bluevitriol.png,solution.bluevitriol,Blue Vitriol Water Solution,0,gregtech,,295,fluid.solution.bluevitriol,1000
f~gregtech~solution.greenvitriol,1000,1472,false,fluid/gregtech/solution.greenvitriol.png,solution.greenvitriol,Green Vitriol Water Solution,0,gregtech,,295,fluid.solution.greenvitriol,1000
f~gregtech~solution.nickelsulfate,1000,1471,false,fluid/gregtech/solution.nickelsulfate.png,solution.nickelsulfate,Nickel Sulfate Water Solution,0,gregtech,,295,fluid.solution.nickelsulfate,1000
f~gregtech~soulinfusedmedium,1000,766,false,fluid/gregtech/soulinfusedmedium.png,soulinfusedmedium,Soul Infused Medium,0,gregtech,,295,fluid.soulinfusedmedium,1000
f~gregtech~spatialfluid,1000,168,false,fluid/gregtech/spatialfluid.png,spatialfluid,Spatially Enlarged Fluid,0,gregtech,,0,fluid.spatialfluid,1000
f~gregtech~squidink,1000,187,false,fluid/gregtech/squidink.png,squidink,Squid Ink,0,gregtech,,295,fluid.squidink,1000
f~gregtech~stablebaryonicmatter,1000,723,false,fluid/gregtech/stablebaryonicmatter.png,stablebaryonicmatter,Stabilised Baryonic Matter,0,gregtech,,295,fluid.stablebaryonicmatter,1000
f~gregtech~stagnantwastewater,1000,760,false,fluid/gregtech/stagnantwastewater.png,stagnantwastewater,Stagnant Waste Water,0,gregtech,,295,fluid.stagnantwastewater,1000
f~gregtech~styrene,1000,601,false,fluid/gregtech/styrene.png,styrene,Styrene,0,gregtech,,243,fluid.styrene,1000
f~gregtech~sulfurdichloride,1000,790,false,fluid/gregtech/sulfurdichloride.png,sulfurdichloride,Sulfur Dichloride,0,gregtech,,295,fluid.sulfurdichloride,1000
f~gregtech~sulfurdioxide,-100,603,true,fluid/gregtech/sulfurdioxide.png,sulfurdioxide,Sulfur Dioxide,0,gregtech,,295,fluid.sulfurdioxide,200
f~gregtech~sulfuricacid,1000,153,false,fluid/gregtech/sulfuricacid.png,sulfuricacid,Sulfuric Acid,0,gregtech,,295,fluid.sulfuricacid,1000
f~gregtech~sulfurtrioxide,-100,604,true,fluid/gregtech/sulfurtrioxide.png,sulfurtrioxide,Sulfur Trioxide,0,gregtech,,295,fluid.sulfurtrioxide,200
f~gregtech~supercoolant,1000,489,false,fluid/gregtech/supercoolant.png,supercoolant,Super Coolant,0,gregtech,,1,fluid.supercoolant,1000
f~gregtech~superheavyradox,1000,731,false,fluid/gregtech/superheavyradox.png,superheavyradox,Super Heavy Radox,0,gregtech,,295,fluid.superheavyradox,1000
f~gregtech~superlightradox,-100,732,true,fluid/gregtech/superlightradox.png,superlightradox,Super Light Radox,0,gregtech,,295,fluid.superlightradox,200
f~gregtech~temporalfluid,1000,169,false,fluid/gregtech/temporalfluid.png,temporalfluid,Tachyon Rich Temporal Fluid,0,gregtech,,0,fluid.temporalfluid,1000
f~gregtech~terephthalicacid,1000,793,false,fluid/gregtech/terephthalicacid.png,terephthalicacid,Terephthalic Acid,0,gregtech,,480,fluid.terephthalicacid,1000
f~gregtech~tetrafluoroethylene,-100,605,true,fluid/gregtech/tetrafluoroethylene.png,tetrafluoroethylene,Tetrafluoroethylene,0,gregtech,,295,fluid.tetrafluoroethylene,200
f~gregtech~tetranitromethane,1000,606,false,fluid/gregtech/tetranitromethane.png,tetranitromethane,Tetranitromethane,0,gregtech,,287,fluid.tetranitromethane,1000
f~gregtech~thionylchloride,1000,789,false,fluid/gregtech/thionylchloride.png,thionylchloride,Thionyl Chloride,0,gregtech,,295,fluid.thionylchloride,1000
f~gregtech~thoriumelutionadsorbent,1000,752,false,fluid/gregtech/thoriumelutionadsorbent.png,thoriumelutionadsorbent,Thorium Elution Adsorbent,0,gregtech,,295,fluid.thoriumelutionadsorbent,1000
f~gregtech~titaniumtetrachloride,1000,119,false,fluid/gregtech/titaniumtetrachloride.png,titaniumtetrachloride,Titaniumtetrachloride,0,gregtech,,295,fluid.titaniumtetrachloride,1000
f~gregtech~toxicair,-100,755,true,fluid/gregtech/toxicair.png,toxicair,Toxic Air,0,gregtech,,295,fluid.toxicair,200
f~gregtech~toxicslurry,1000,756,false,fluid/gregtech/toxicslurry.png,toxicslurry,Toxic Slurry,0,gregtech,,295,fluid.toxicslurry,1000
f~gregtech~trichlorosilane,1000,615,false,fluid/gregtech/trichlorosilane.png,trichlorosilane,Trichlorosilane,0,gregtech,,139,fluid.trichlorosilane,1000
f~gregtech~trimethylamine,-100,785,true,fluid/gregtech/trimethylamine.png,trimethylamine,Trimethylamine,0,gregtech,,295,fluid.trimethylamine,200
f~gregtech~trimethylborate,1000,798,false,fluid/gregtech/trimethylborate.png,trimethylborate,Trimethyl Borate,0,gregtech,,239,fluid.trimethylborate,1000
f~gregtech~tritium,-100,114,true,fluid/gregtech/tritium.png,tritium,Tritium,0,gregtech,,295,fluid.tritium,200
f~gregtech~ultracontaminatedgas,-100,759,true,fluid/gregtech/ultracontaminatedgas.png,ultracontaminatedgas,Ultra Contaminated Gas,0,gregtech,,295,fluid.ultracontaminatedgas,200
f~gregtech~unformed hexanite,1000,835,false,fluid/gregtech/unformed hexanite.png,unformed hexanite,Unformed Hexanite,0,gregtech,,9000,fluid.unformed hexanite,1000
f~gregtech~uuamplifier,1000,145,false,fluid/gregtech/uuamplifier.png,uuamplifier,UU Amplifier,0,gregtech,,295,fluid.uuamplifier,1000
f~gregtech~vinylacetate,1000,607,false,fluid/gregtech/vinylacetate.png,vinylacetate,Vinyl Acetate,0,gregtech,,180,fluid.vinylacetate,1000
f~gregtech~vinylchloride,-100,608,true,fluid/gregtech/vinylchloride.png,vinylchloride,Vinyl Chloride,0,gregtech,,295,fluid.vinylchloride,200
f~gregtech~weedex9000,1000,449,false,fluid/gregtech/weedex9000.png,weedex9000,Weed-EX 9000,0,gregtech,,295,fluid.weedex9000,1000
f~gregtech~wet.concrete,1000,224,false,fluid/gregtech/wet.concrete.png,wet.concrete,Wet Concrete,0,gregtech,,300,fluid.wet.concrete,1000
f~gregtech~whitedwarfmatter,1000,814,false,fluid/gregtech/whitedwarfmatter.png,whitedwarfmatter,White Dwarf Matter,0,gregtech,,0,fluid.whitedwarfmatter,1000
f~gregtech~woodgas,-100,450,true,fluid/gregtech/woodgas.png,woodgas,Wood Gas,0,gregtech,,295,fluid.woodgas,200
f~gregtech~woodtar,1000,451,false,fluid/gregtech/woodtar.png,woodtar,Wood Tar,0,gregtech,,295,fluid.woodtar,1000
f~gregtech~woodvinegar,1000,452,false,fluid/gregtech/woodvinegar.png,woodvinegar,Wood Vinegar,0,gregtech,,295,fluid.woodvinegar,1000
f~gregtech~xenoxene,1000,733,false,fluid/gregtech/xenoxene.png,xenoxene,Xenoxene,0,gregtech,,295,fluid.xenoxene,1000
f~hydroenergy~pressurized_water,1000,1241,false,fluid/hydroenergy/pressurized_water.png,pressurized_water,Pressurized Water,0,hydroenergy,,300,fluid.Pressurized Water,1000
f~minecraft~lava,3000,2,false,fluid/minecraft/lava.png,lava,Lava,15,minecraft,,1300,fluid.tile.lava,6000
f~minecraft~water,1000,1,false,fluid/minecraft/water.png,water,Water,0,minecraft,,300,fluid.tile.water,1000
f~miscutils~aniline,1000,1185,false,fluid/miscutils/aniline.png,aniline,Aniline,0,miscutils,,266,fluid.aniline,1000
f~miscutils~boricacid,1000,1186,false,fluid/miscutils/boricacid.png,boricacid,Boric Acid,0,miscutils,,278,fluid.boricacid,1000
f~miscutils~butanol,1000,1164,false,fluid/miscutils/butanol.png,butanol,Butanol,0,miscutils,,200,fluid.butanol,1000
f~miscutils~cadaverine,1000,1190,false,fluid/miscutils/cadaverine.png,cadaverine,Cadaverine,0,miscutils,,207,fluid.cadaverine,1000
f~miscutils~carbondisulfide,1000,1196,false,fluid/miscutils/carbondisulfide.png,carbondisulfide,Carbon Disulfide,0,miscutils,,350,fluid.carbondisulfide,1000
f~miscutils~cryotheum,1000,1215,false,fluid/miscutils/cryotheum.png,cryotheum,Gelid Cryotheum,0,miscutils,,5,fluid.cryotheum,1000
f~miscutils~cyclohexane,1000,1188,false,fluid/miscutils/cyclohexane.png,cyclohexane,Cyclohexane,0,miscutils,,207,fluid.cyclohexane,1000
f~miscutils~cyclohexanone,1000,1189,false,fluid/miscutils/cyclohexanone.png,cyclohexanone,Cyclohexanone,0,miscutils,,207,fluid.cyclohexanone,1000
f~miscutils~fermentation.base,1000,1161,false,fluid/miscutils/fermentation.base.png,fermentation.base,Fermentation Base,0,miscutils,,200,fluid.fermentation.base,1000
f~miscutils~fluid.2ethylanthrahydroquinone,1000,1193,false,fluid/miscutils/fluid.2ethylanthrahydroquinone.png,fluid.2ethylanthrahydroquinone,2-Ethylanthrahydroquinone,0,miscutils,,415,fluid.fluid.2ethylanthrahydroquinone,1000
f~miscutils~fluid.2ethylanthraquinone,1000,1192,false,fluid/miscutils/fluid.2ethylanthraquinone.png,fluid.2ethylanthraquinone,2-Ethylanthraquinone,0,miscutils,,415,fluid.fluid.2ethylanthraquinone,1000
f~miscutils~fluid.ammoniumnitrateslurry,1000,1202,false,fluid/miscutils/fluid.ammoniumnitrateslurry.png,fluid.ammoniumnitrateslurry,Hydrated Ammonium Nitrate Slurry,0,miscutils,,450,fluid.fluid.ammoniumnitrateslurry,1000
f~miscutils~fluid.anthracene,1000,1180,false,fluid/miscutils/fluid.anthracene.png,fluid.anthracene,Anthracene,0,miscutils,,340,fluid.fluid.anthracene,1000
f~miscutils~fluid.burntlifbef2thf4uf4,1000,1209,false,fluid/miscutils/fluid.burntlifbef2thf4uf4.png,fluid.burntlifbef2thf4uf4,Burnt LiFBeF2ThF4UF4 Salt,0,miscutils,,545,fluid.fluid.burntlifbef2thf4uf4,1000
f~miscutils~fluid.burntlifbef2zrf4u235,1000,1211,false,fluid/miscutils/fluid.burntlifbef2zrf4u235.png,fluid.burntlifbef2zrf4u235,Burnt LiFBeF2ZrF4U235 Salt,0,miscutils,,533,fluid.fluid.burntlifbef2zrf4u235,1000
f~miscutils~fluid.burntlifbef2zrf4uf4,1000,1210,false,fluid/miscutils/fluid.burntlifbef2zrf4uf4.png,fluid.burntlifbef2zrf4uf4,Burnt LiFBeF2ZrF4UF4 Salt,0,miscutils,,520,fluid.fluid.burntlifbef2zrf4uf4,1000
f~miscutils~fluid.coalgas,1000,1178,false,fluid/miscutils/fluid.coalgas.png,fluid.coalgas,Coal Gas,0,miscutils,,500,fluid.fluid.coalgas,1000
f~miscutils~fluid.coaltaroil,1000,1181,false,fluid/miscutils/fluid.coaltaroil.png,fluid.coaltaroil,Coal Tar Oil,0,miscutils,,240,fluid.fluid.coaltaroil,1000
f~miscutils~fluid.ethylbenzene,1000,1179,false,fluid/miscutils/fluid.ethylbenzene.png,fluid.ethylbenzene,Ethylbenzene,0,miscutils,,136,fluid.fluid.ethylbenzene,1000
f~miscutils~fluid.formaldehyde,1000,1204,false,fluid/miscutils/fluid.formaldehyde.png,fluid.formaldehyde,Formaldehyde,0,miscutils,,185,fluid.fluid.formaldehyde,1000
f~miscutils~fluid.geneticmutagen,1000,1214,false,fluid/miscutils/fluid.geneticmutagen.png,fluid.geneticmutagen,Genetic Mutagen,0,miscutils,,12,fluid.fluid.geneticmutagen,1000
f~miscutils~fluid.hydrazine,1000,1200,false,fluid/miscutils/fluid.hydrazine.png,fluid.hydrazine,Hydrazine,0,miscutils,,275,fluid.fluid.hydrazine,1000
f~miscutils~fluid.hydrogenperoxide,1000,1194,false,fluid/miscutils/fluid.hydrogenperoxide.png,fluid.hydrogenperoxide,Hydrogen Peroxide,0,miscutils,,150,fluid.fluid.hydrogenperoxide,1000
f~miscutils~fluid.impurelifbef2,1000,1212,false,fluid/miscutils/fluid.impurelifbef2.png,fluid.impurelifbef2,Impure Molten Salt Base,0,miscutils,,533,fluid.fluid.impurelifbef2,1000
f~miscutils~fluid.kerosene,1000,1197,false,fluid/miscutils/fluid.kerosene.png,fluid.kerosene,Kerosene,0,miscutils,,233,fluid.fluid.kerosene,1000
f~miscutils~fluid.liquidhydrogen,1000,1203,false,fluid/miscutils/fluid.liquidhydrogen.png,fluid.liquidhydrogen,Liquid Hydrogen,0,miscutils,,14,fluid.fluid.liquidhydrogen,1000
f~miscutils~fluid.lithiumperoxide,1000,1195,false,fluid/miscutils/fluid.lithiumperoxide.png,fluid.lithiumperoxide,Lithium Peroxide,0,miscutils,,446,fluid.fluid.lithiumperoxide,1000
f~miscutils~fluid.monomethylhydrazine,1000,1201,false,fluid/miscutils/fluid.monomethylhydrazine.png,fluid.monomethylhydrazine,Monomethylhydrazine,0,miscutils,,221,fluid.fluid.monomethylhydrazine,1000
f~miscutils~fluid.naphthalene,1000,1183,false,fluid/miscutils/fluid.naphthalene.png,fluid.naphthalene,Naphthalene,0,miscutils,,115,fluid.fluid.naphthalene,1000
f~miscutils~fluid.nitrogentetroxide,1000,1199,false,fluid/miscutils/fluid.nitrogentetroxide.png,fluid.nitrogentetroxide,Nitrogen Tetroxide,0,miscutils,,261,fluid.fluid.nitrogentetroxide,1000
f~miscutils~fluid.raisinjuice,1000,1223,false,fluid/miscutils/fluid.raisinjuice.png,fluid.raisinjuice,Raisin Juice,0,miscutils,,2,fluid.fluid.raisinjuice,1000
f~miscutils~fluid.rocketfuelmixa,1000,1205,false,fluid/miscutils/fluid.rocketfuelmixa.png,fluid.rocketfuelmixa,H8N4C2O4 Rocket Fuel,0,miscutils,,216,fluid.fluid.rocketfuelmixa,1000
f~miscutils~fluid.rocketfuelmixb,1000,1206,false,fluid/miscutils/fluid.rocketfuelmixb.png,fluid.rocketfuelmixb,Rp-1 Rocket Fuel,0,miscutils,,250,fluid.fluid.rocketfuelmixb,1000
f~miscutils~fluid.rocketfuelmixc,1000,1207,false,fluid/miscutils/fluid.rocketfuelmixc.png,fluid.rocketfuelmixc,CN3H7O3 Rocket Fuel,0,miscutils,,221,fluid.fluid.rocketfuelmixc,1000
f~miscutils~fluid.rocketfuelmixd,1000,1208,false,fluid/miscutils/fluid.rocketfuelmixd.png,fluid.rocketfuelmixd,Dense Hydrazine Fuel Mixture,0,miscutils,,275,fluid.fluid.rocketfuelmixd,1000
f~miscutils~fluid.rp1fuel,1000,1198,false,fluid/miscutils/fluid.rp1fuel.png,fluid.rp1fuel,RP-1,0,miscutils,,500,fluid.fluid.rp1fuel,1000
f~miscutils~fluid.sludge,8196,1158,false,fluid/miscutils/fluid.sludge.png,fluid.sludge,fluidBlockSludge,8,miscutils,,295,fluid.tile.fluidBlockSludge,3000
f~miscutils~fluid.sulfuriccoaltaroil,1000,1182,false,fluid/miscutils/fluid.sulfuriccoaltaroil.png,fluid.sulfuriccoaltaroil,Sulfuric Coal Tar Oil,0,miscutils,,240,fluid.fluid.sulfuriccoaltaroil,1000
f~miscutils~froth.almandineflotation,1000,1173,false,fluid/miscutils/froth.almandineflotation.png,froth.almandineflotation,Almandine Froth,0,miscutils,,207,fluid.froth.almandineflotation,1000
f~miscutils~froth.copperflotation,1000,1166,false,fluid/miscutils/froth.copperflotation.png,froth.copperflotation,Chalcopyrite Froth,0,miscutils,,207,fluid.froth.copperflotation,1000
f~miscutils~froth.grossularflotation,1000,1172,false,fluid/miscutils/froth.grossularflotation.png,froth.grossularflotation,Grossular Froth,0,miscutils,,207,fluid.froth.grossularflotation,1000
f~miscutils~froth.monaziteflotation,1000,1175,false,fluid/miscutils/froth.monaziteflotation.png,froth.monaziteflotation,Monazite Froth,0,miscutils,,207,fluid.froth.monaziteflotation,1000
f~miscutils~froth.netherrackflotation,1000,1176,false,fluid/miscutils/froth.netherrackflotation.png,froth.netherrackflotation,Netherrack Froth,0,miscutils,,207,fluid.froth.netherrackflotation,1000
f~miscutils~froth.nickelflotation,1000,1167,false,fluid/miscutils/froth.nickelflotation.png,froth.nickelflotation,Nickel Froth,0,miscutils,,207,fluid.froth.nickelflotation,1000
f~miscutils~froth.pentlanditeflotation,1000,1169,false,fluid/miscutils/froth.pentlanditeflotation.png,froth.pentlanditeflotation,Pentlandite Froth,0,miscutils,,207,fluid.froth.pentlanditeflotation,1000
f~miscutils~froth.platinumflotation,1000,1168,false,fluid/miscutils/froth.platinumflotation.png,froth.platinumflotation,Platinum Froth,0,miscutils,,207,fluid.froth.platinumflotation,1000
f~miscutils~froth.pyropeflotation,1000,1174,false,fluid/miscutils/froth.pyropeflotation.png,froth.pyropeflotation,Pyrope Froth,0,miscutils,,207,fluid.froth.pyropeflotation,1000
f~miscutils~froth.redstoneflotation,1000,1170,false,fluid/miscutils/froth.redstoneflotation.png,froth.redstoneflotation,Redstone Froth,0,miscutils,,207,fluid.froth.redstoneflotation,1000
f~miscutils~froth.spessartineflotation,1000,1171,false,fluid/miscutils/froth.spessartineflotation.png,froth.spessartineflotation,Spessartine Froth,0,miscutils,,207,fluid.froth.spessartineflotation,1000
f~miscutils~froth.zincflotation,1000,1165,false,fluid/miscutils/froth.zincflotation.png,froth.zincflotation,Sphalerite Froth,0,miscutils,,207,fluid.froth.zincflotation,1000
f~miscutils~hydrofluoricacid,1000,1217,false,fluid/miscutils/hydrofluoricacid.png,hydrofluoricacid,Industrial Strength Hydrofluoric Acid,0,miscutils,,120,fluid.hydrofluoricacid,1000
f~miscutils~hydrogenchloride,1000,1220,false,fluid/miscutils/hydrogenchloride.png,hydrogenchloride,Industrial Strength Hydrogen Chloride,0,miscutils,,75,fluid.hydrogenchloride,1000
f~miscutils~hydrogencyanide,-10000,1108,true,fluid/miscutils/hydrogencyanide.png,hydrogencyanide,Hydrogen Cyanide,15,miscutils,,275,fluid.hydrogencyanide,10
f~miscutils~krypton,-10000,985,true,fluid/miscutils/krypton.png,krypton,Krypton,15,miscutils,,115,fluid.krypton,10
f~miscutils~liquidresin,1000,1163,false,fluid/miscutils/liquidresin.png,liquidresin,Liquid Resin,0,miscutils,,200,fluid.liquidresin,1000
f~miscutils~lithiumhydroxide,1000,1222,false,fluid/miscutils/lithiumhydroxide.png,lithiumhydroxide,Lithium Hydroxide,0,miscutils,,500,fluid.lithiumhydroxide,1000
f~miscutils~mobessence,1000,1224,false,fluid/miscutils/mobessence.png,mobessence,Mob Essence,0,miscutils,,0,fluid.mobessence,1000
f~miscutils~molten.abyssalalloy,1000,1073,false,fluid/miscutils/molten.abyssalalloy.png,molten.abyssalalloy,Molten Abyssal Alloy,0,miscutils,,9925,fluid.molten.abyssalalloy,1000
f~miscutils~molten.aceticanhydride,1000,1113,false,fluid/miscutils/molten.aceticanhydride.png,molten.aceticanhydride,Acetic Anhydride,0,miscutils,,200,fluid.molten.aceticanhydride,10000
f~miscutils~molten.advancednitinol,1000,1088,false,fluid/miscutils/molten.advancednitinol.png,molten.advancednitinol,Molten Advanced Nitinol,0,miscutils,,8675,fluid.molten.advancednitinol,1000
f~miscutils~molten.ammonium,1000,1110,false,fluid/miscutils/molten.ammonium.png,molten.ammonium,Ammonium,0,miscutils,,310,fluid.molten.ammonium,10000
f~miscutils~molten.ammoniumbifluoride,1000,1134,false,fluid/miscutils/molten.ammoniumbifluoride.png,molten.ammoniumbifluoride,Ammonium Bifluoride,0,miscutils,,400,fluid.molten.ammoniumbifluoride,10000
f~miscutils~molten.ammoniumtetrafluoroberyllate,1000,1136,false,fluid/miscutils/molten.ammoniumtetrafluoroberyllate.png,molten.ammoniumtetrafluoroberyllate,Ammonium Tetrafluoroberyllate,0,miscutils,,555,fluid.molten.ammoniumtetrafluoroberyllate,10000
f~miscutils~molten.ancientgranite,1000,1096,false,fluid/miscutils/molten.ancientgranite.png,molten.ancientgranite,Molten Ancient Granite,0,miscutils,,775,fluid.molten.ancientgranite,1000
f~miscutils~molten.arcanite,1000,1058,false,fluid/miscutils/molten.arcanite.png,molten.arcanite,Molten Arcanite,0,miscutils,,5940,fluid.molten.arcanite,1000
f~miscutils~molten.arceusalloy2b,1000,1067,false,fluid/miscutils/molten.arceusalloy2b.png,molten.arceusalloy2b,Molten Arceus Alloy 2B,0,miscutils,,7830,fluid.molten.arceusalloy2b,1000
f~miscutils~molten.astraltitanium,1000,1084,false,fluid/miscutils/molten.astraltitanium.png,molten.astraltitanium,Molten Astral Titanium,0,miscutils,,9715,fluid.molten.astraltitanium,1000
f~miscutils~molten.babbitalloy,1000,1079,false,fluid/miscutils/molten.babbitalloy.png,molten.babbitalloy,Molten Babbit Alloy,0,miscutils,,540,fluid.molten.babbitalloy,1000
f~miscutils~molten.berylliumfluoride,1000,1132,false,fluid/miscutils/molten.berylliumfluoride.png,molten.berylliumfluoride,Beryllium Fluoride,0,miscutils,,1080,fluid.molten.berylliumfluoride,10000
f~miscutils~molten.berylliumhydroxide,1000,1135,false,fluid/miscutils/molten.berylliumhydroxide.png,molten.berylliumhydroxide,Beryllium Hydroxide,0,miscutils,,815,fluid.molten.berylliumhydroxide,10000
f~miscutils~molten.blackmetal,1000,1095,false,fluid/miscutils/molten.blackmetal.png,molten.blackmetal,Molten Black Metal,0,miscutils,,2625,fluid.molten.blackmetal,1000
f~miscutils~molten.blacktitanium,1000,1078,false,fluid/miscutils/molten.blacktitanium.png,molten.blacktitanium,Molten Black Titanium,0,miscutils,,8035,fluid.molten.blacktitanium,1000
f~miscutils~molten.bloodsteel,1000,1029,false,fluid/miscutils/molten.bloodsteel.png,molten.bloodsteel,Molten Blood Steel,0,miscutils,,2775,fluid.molten.bloodsteel,1000
f~miscutils~molten.botmium,1000,1075,false,fluid/miscutils/molten.botmium.png,molten.botmium,Molten Botmium,0,miscutils,,8495,fluid.molten.botmium,1000
f~miscutils~molten.brine,1000,1476,false,fluid/miscutils/molten.brine.png,molten.brine,Brine,0,miscutils,,485,fluid.molten.brine,10000
f~miscutils~molten.bromine,1000,983,false,fluid/miscutils/molten.bromine.png,molten.bromine,Bromine,0,miscutils,,265,fluid.molten.bromine,10000
f~miscutils~molten.burntreactorfueli,1000,1145,false,fluid/miscutils/molten.burntreactorfueli.png,molten.burntreactorfueli,Burnt Reactor Fuel I,0,miscutils,,1130,fluid.molten.burntreactorfueli,10000
f~miscutils~molten.burntreactorfuelii,1000,1146,false,fluid/miscutils/molten.burntreactorfuelii.png,molten.burntreactorfuelii,Burnt Reactor Fuel II,0,miscutils,,1130,fluid.molten.burntreactorfuelii,10000
f~miscutils~molten.californium,1000,1015,false,fluid/miscutils/molten.californium.png,molten.californium,Molten Californium,0,miscutils,,1170,fluid.molten.californium,1000
f~miscutils~molten.celestialtungsten,1000,1082,false,fluid/miscutils/molten.celestialtungsten.png,molten.celestialtungsten,Molten Celestial Tungsten,0,miscutils,,9170,fluid.molten.celestialtungsten,1000
f~miscutils~molten.chloroaceticacid,1000,1114,false,fluid/miscutils/molten.chloroaceticacid.png,molten.chloroaceticacid,Chloroacetic Acid,0,miscutils,,335,fluid.molten.chloroaceticacid,10000
f~miscutils~molten.chloroaceticmixture,1000,1117,false,fluid/miscutils/molten.chloroaceticmixture.png,molten.chloroaceticmixture,Chloroacetic Mixture,0,miscutils,,315,fluid.molten.chloroaceticmixture,10000
f~miscutils~molten.chromaticglass,1000,1086,false,fluid/miscutils/molten.chromaticglass.png,molten.chromaticglass,Molten Chromatic Glass,0,miscutils,,9475,fluid.molten.chromaticglass,1000
f~miscutils~molten.cinobitea243,1000,1071,false,fluid/miscutils/molten.cinobitea243.png,molten.cinobitea243,Molten Cinobite A243,0,miscutils,,7625,fluid.molten.cinobitea243,1000
f~miscutils~molten.copperiisulfate,1000,1121,false,fluid/miscutils/molten.copperiisulfate.png,molten.copperiisulfate,Molten Copper(II) Sulfate,0,miscutils,,865,fluid.molten.copperiisulfate,1000
f~miscutils~molten.copperiisulfatepentahydrate,1000,1122,false,fluid/miscutils/molten.copperiisulfatepentahydrate.png,molten.copperiisulfatepentahydrate,Molten Copper(II) Sulfate Pentahydrate,0,miscutils,,865,fluid.molten.copperiisulfatepentahydrate,1000
f~miscutils~molten.curium,1000,1013,false,fluid/miscutils/molten.curium.png,molten.curium,Molten Curium,0,miscutils,,1615,fluid.molten.curium,1000
f~miscutils~molten.cyanoaceticacid,1000,1119,false,fluid/miscutils/molten.cyanoaceticacid.png,molten.cyanoaceticacid,Molten Cyanoacetic Acid,0,miscutils,,340,fluid.molten.cyanoaceticacid,1000
f~miscutils~molten.cyanoacrylatepolymer,1000,1124,false,fluid/miscutils/molten.cyanoacrylatepolymer.png,molten.cyanoacrylatepolymer,Cyanoacrylate Polymer,0,miscutils,,250,fluid.molten.cyanoacrylatepolymer,10000
f~miscutils~molten.dichloroaceticacid,1000,1115,false,fluid/miscutils/molten.dichloroaceticacid.png,molten.dichloroaceticacid,Dichloroacetic Acid,0,miscutils,,285,fluid.molten.dichloroaceticacid,10000
f~miscutils~molten.dragonblood,1000,1099,false,fluid/miscutils/molten.dragonblood.png,molten.dragonblood,Molten Dragonblood,0,miscutils,,10435,fluid.molten.dragonblood,1000
f~miscutils~molten.eglinsteel,1000,1061,false,fluid/miscutils/molten.eglinsteel.png,molten.eglinsteel,Molten Eglin Steel,0,miscutils,,1320,fluid.molten.eglinsteel,1000
f~miscutils~molten.eglinsteelbasecompound,1000,1060,false,fluid/miscutils/molten.eglinsteelbasecompound.png,molten.eglinsteelbasecompound,Molten Eglin Steel Base Compound,0,miscutils,,2070,fluid.molten.eglinsteelbasecompound,1000
f~miscutils~molten.energycrystal,1000,1028,false,fluid/miscutils/molten.energycrystal.png,molten.energycrystal,Molten Energy Crystal,0,miscutils,,4935,fluid.molten.energycrystal,1000
f~miscutils~molten.ethylcyanoacetate,1000,1123,false,fluid/miscutils/molten.ethylcyanoacetate.png,molten.ethylcyanoacetate,Ethyl Cyanoacetate,0,miscutils,,250,fluid.molten.ethylcyanoacetate,10000
f~miscutils~molten.ethylcyanoacrylatesuperglue,1000,1125,false,fluid/miscutils/molten.ethylcyanoacrylatesuperglue.png,molten.ethylcyanoacrylatesuperglue,Ethyl Cyanoacrylate (Super Glue),0,miscutils,,250,fluid.molten.ethylcyanoacrylatesuperglue,10000
f~miscutils~molten.fermium,1000,1017,false,fluid/miscutils/molten.fermium.png,molten.fermium,Fermium,0,miscutils,,1800,fluid.molten.fermium,10000
f~miscutils~molten.fluorinateduraniumhexafluoridefuf6,1000,1156,false,fluid/miscutils/molten.fluorinateduraniumhexafluoridefuf6.png,molten.fluorinateduraniumhexafluoridefuf6,Fluorinated Uranium Hexafluoride (F-UF6),0,miscutils,,460,fluid.molten.fluorinateduraniumhexafluoridefuf6,10000
f~miscutils~molten.fluorinespargedtbsalt,1000,1155,false,fluid/miscutils/molten.fluorinespargedtbsalt.png,molten.fluorinespargedtbsalt,Fluorine Sparged TB Salt,0,miscutils,,985,fluid.molten.fluorinespargedtbsalt,10000
f~miscutils~molten.fluorinespargedtsalt,1000,1154,false,fluid/miscutils/molten.fluorinespargedtsalt.png,molten.fluorinespargedtsalt,Fluorine Sparged T Salt,0,miscutils,,940,fluid.molten.fluorinespargedtsalt,10000
f~miscutils~molten.fluoritef,1000,1127,false,fluid/miscutils/molten.fluoritef.png,molten.fluoritef,Molten Fluorite (F),0,miscutils,,325,fluid.molten.fluoritef,1000
f~miscutils~molten.germanium,1000,979,false,fluid/miscutils/molten.germanium.png,molten.germanium,Molten Germanium,0,miscutils,,1210,fluid.molten.germanium,1000
f~miscutils~molten.grisium,1000,1059,false,fluid/miscutils/molten.grisium.png,molten.grisium,Molten Grisium,0,miscutils,,4125,fluid.molten.grisium,1000
f~miscutils~molten.hafnium,1000,1001,false,fluid/miscutils/molten.hafnium.png,molten.hafnium,Molten Hafnium,0,miscutils,,2425,fluid.molten.hafnium,1000
f~miscutils~molten.hastelloyc276,1000,1049,false,fluid/miscutils/molten.hastelloyc276.png,molten.hastelloyc276,Molten Hastelloy-C276,0,miscutils,,4625,fluid.molten.hastelloyc276,1000
f~miscutils~molten.hastelloyn,1000,1048,false,fluid/miscutils/molten.hastelloyn.png,molten.hastelloyn,Molten Hastelloy-N,0,miscutils,,4625,fluid.molten.hastelloyn,1000
f~miscutils~molten.hastelloyw,1000,1046,false,fluid/miscutils/molten.hastelloyw.png,molten.hastelloyw,Molten Hastelloy-W,0,miscutils,,3625,fluid.molten.hastelloyw,1000
f~miscutils~molten.hastelloyx,1000,1047,false,fluid/miscutils/molten.hastelloyx.png,molten.hastelloyx,Molten Hastelloy-X,0,miscutils,,3625,fluid.molten.hastelloyx,1000
f~miscutils~molten.helicopter,1000,1069,false,fluid/miscutils/molten.helicopter.png,molten.helicopter,Molten HeLiCoPtEr,0,miscutils,,6035,fluid.molten.helicopter,1000
f~miscutils~molten.heliumspargedusalt,1000,1148,false,fluid/miscutils/molten.heliumspargedusalt.png,molten.heliumspargedusalt,Helium Sparged U Salt,0,miscutils,,1075,fluid.molten.heliumspargedusalt,10000
f~miscutils~molten.hg1223,1000,1062,false,fluid/miscutils/molten.hg1223.png,molten.hg1223,HG-1223,0,miscutils,,6630,fluid.molten.hg1223,10000
f~miscutils~molten.hs188a,1000,1063,false,fluid/miscutils/molten.hs188a.png,molten.hs188a,Molten HS188-A,0,miscutils,,5145,fluid.molten.hs188a,1000
f~miscutils~molten.hydrogenchloridemix,1000,1111,false,fluid/miscutils/molten.hydrogenchloridemix.png,molten.hydrogenchloridemix,Hydrogen Chloride Mix,0,miscutils,,365,fluid.molten.hydrogenchloridemix,10000
f~miscutils~molten.hypogen,1000,1090,false,fluid/miscutils/molten.hypogen.png,molten.hypogen,Molten Hypogen,0,miscutils,,10530,fluid.molten.hypogen,1000
f~miscutils~molten.incoloy020,1000,1050,false,fluid/miscutils/molten.incoloy020.png,molten.incoloy020,Molten Incoloy-020,0,miscutils,,3700,fluid.molten.incoloy020,1000
f~miscutils~molten.incoloyds,1000,1051,false,fluid/miscutils/molten.incoloyds.png,molten.incoloyds,Molten Incoloy-DS,0,miscutils,,3700,fluid.molten.incoloyds,1000
f~miscutils~molten.incoloyma956,1000,1052,false,fluid/miscutils/molten.incoloyma956.png,molten.incoloyma956,Molten Incoloy-MA956,0,miscutils,,4700,fluid.molten.incoloyma956,1000
f~miscutils~molten.inconel625,1000,1035,false,fluid/miscutils/molten.inconel625.png,molten.inconel625,Molten Inconel-625,0,miscutils,,2700,fluid.molten.inconel625,1000
f~miscutils~molten.inconel690,1000,1036,false,fluid/miscutils/molten.inconel690.png,molten.inconel690,Molten Inconel-690,0,miscutils,,3700,fluid.molten.inconel690,1000
f~miscutils~molten.inconel792,1000,1037,false,fluid/miscutils/molten.inconel792.png,molten.inconel792,Molten Inconel-792,0,miscutils,,3700,fluid.molten.inconel792,1000
f~miscutils~molten.indalloy140,1000,1080,false,fluid/miscutils/molten.indalloy140.png,molten.indalloy140,Molten Indalloy 140,0,miscutils,,5475,fluid.molten.indalloy140,1000
f~miscutils~molten.iodine,1000,997,false,fluid/miscutils/molten.iodine.png,molten.iodine,Molten Iodine,0,miscutils,,385,fluid.molten.iodine,1000
f~miscutils~molten.koboldite,1000,1068,false,fluid/miscutils/molten.koboldite.png,molten.koboldite,Molten Koboldite,0,miscutils,,2585,fluid.molten.koboldite,1000
f~miscutils~molten.lafiumcompound,1000,1070,false,fluid/miscutils/molten.lafiumcompound.png,molten.lafiumcompound,Molten Lafium Compound,0,miscutils,,6625,fluid.molten.lafiumcompound,1000
f~miscutils~molten.laurenium,1000,1074,false,fluid/miscutils/molten.laurenium.png,molten.laurenium,Molten Laurenium,0,miscutils,,7100,fluid.molten.laurenium,1000
f~miscutils~molten.lftrfuel1,1000,1144,false,fluid/miscutils/molten.lftrfuel1.png,molten.lftrfuel1,LFTR Fuel 1,0,miscutils,,865,fluid.molten.lftrfuel1,10000
f~miscutils~molten.lftrfuel2,1000,1143,false,fluid/miscutils/molten.lftrfuel2.png,molten.lftrfuel2,LFTR Fuel 2,0,miscutils,,925,fluid.molten.lftrfuel2,10000
f~miscutils~molten.lftrfuel3,1000,1142,false,fluid/miscutils/molten.lftrfuel3.png,molten.lftrfuel3,LFTR Fuel 3,0,miscutils,,840,fluid.molten.lftrfuel3,10000
f~miscutils~molten.lftrfuelbase,1000,1151,false,fluid/miscutils/molten.lftrfuelbase.png,molten.lftrfuelbase,LFTR Fuel Base,0,miscutils,,835,fluid.molten.lftrfuelbase,10000
f~miscutils~molten.lithium7,1000,1019,false,fluid/miscutils/molten.lithium7.png,molten.lithium7,Molten Lithium 7,0,miscutils,,725,fluid.molten.lithium7,1000
f~miscutils~molten.lithiumfluoride,1000,1133,false,fluid/miscutils/molten.lithiumfluoride.png,molten.lithiumfluoride,Lithium Fluoride,0,miscutils,,525,fluid.molten.lithiumfluoride,10000
f~miscutils~molten.lithiumtetrafluoroberyllatelftb,1000,1141,false,fluid/miscutils/molten.lithiumtetrafluoroberyllatelftb.png,molten.lithiumtetrafluoroberyllatelftb,Lithium Tetrafluoroberyllate (LFTB),0,miscutils,,840,fluid.molten.lithiumtetrafluoroberyllatelftb,10000
f~miscutils~molten.maragingsteel250,1000,1040,false,fluid/miscutils/molten.maragingsteel250.png,molten.maragingsteel250,Molten Maraging Steel 250,0,miscutils,,2685,fluid.molten.maragingsteel250,1000
f~miscutils~molten.maragingsteel300,1000,1041,false,fluid/miscutils/molten.maragingsteel300.png,molten.maragingsteel300,Molten Maraging Steel 300,0,miscutils,,2685,fluid.molten.maragingsteel300,1000
f~miscutils~molten.maragingsteel350,1000,1042,false,fluid/miscutils/molten.maragingsteel350.png,molten.maragingsteel350,Molten Maraging Steel 350,0,miscutils,,2685,fluid.molten.maragingsteel350,1000
f~miscutils~molten.mutatedlivingsolder,1000,1126,false,fluid/miscutils/molten.mutatedlivingsolder.png,molten.mutatedlivingsolder,Mutated Living Solder,0,miscutils,,75,fluid.molten.mutatedlivingsolder,10000
f~miscutils~molten.neptunium,1000,995,false,fluid/miscutils/molten.neptunium.png,molten.neptunium,Molten Neptunium,0,miscutils,,915,fluid.molten.neptunium,1000
f~miscutils~molten.niobiumcarbide,1000,1057,false,fluid/miscutils/molten.niobiumcarbide.png,molten.niobiumcarbide,Molten Niobium Carbide,0,miscutils,,2750,fluid.molten.niobiumcarbide,1000
f~miscutils~molten.nitinol60,1000,1038,false,fluid/miscutils/molten.nitinol60.png,molten.nitinol60,Molten Nitinol 60,0,miscutils,,5925,fluid.molten.nitinol60,1000
f~miscutils~molten.octiron,1000,1077,false,fluid/miscutils/molten.octiron.png,molten.octiron,Molten Octiron,0,miscutils,,9395,fluid.molten.octiron,1000
f~miscutils~molten.phosphorousuraniumhexafluoridepuf6,1000,1149,false,fluid/miscutils/molten.phosphorousuraniumhexafluoridepuf6.png,molten.phosphorousuraniumhexafluoridepuf6,Phosphorous Uranium Hexafluoride (P-UF6),0,miscutils,,505,fluid.molten.phosphorousuraniumhexafluoridepuf6,10000
f~miscutils~molten.pikyonium64b,1000,1072,false,fluid/miscutils/molten.pikyonium64b.png,molten.pikyonium64b,Molten Pikyonium 64B,0,miscutils,,7125,fluid.molten.pikyonium64b,1000
f~miscutils~molten.plutonium238,1000,1026,false,fluid/miscutils/molten.plutonium238.png,molten.plutonium238,Molten Plutonium-238,0,miscutils,,1185,fluid.molten.plutonium238,1000
f~miscutils~molten.polonium,1000,1007,false,fluid/miscutils/molten.polonium.png,molten.polonium,Molten Polonium,0,miscutils,,525,fluid.molten.polonium,1000
f~miscutils~molten.potassiumnitrate,1000,1101,false,fluid/miscutils/molten.potassiumnitrate.png,molten.potassiumnitrate,Molten Potassium Nitrate,0,miscutils,,425,fluid.molten.potassiumnitrate,1000
f~miscutils~molten.potin,1000,1034,false,fluid/miscutils/molten.potin.png,molten.potin,Molten Potin,0,miscutils,,1575,fluid.molten.potin,1000
f~miscutils~molten.protactinium,1000,1011,false,fluid/miscutils/molten.protactinium.png,molten.protactinium,Molten Protactinium,0,miscutils,,1840,fluid.molten.protactinium,1000
f~miscutils~molten.quantum,1000,1081,false,fluid/miscutils/molten.quantum.png,molten.quantum,Molten Quantum,0,miscutils,,10775,fluid.molten.quantum,1000
f~miscutils~molten.radium,1000,1009,false,fluid/miscutils/molten.radium.png,molten.radium,Molten Radium,0,miscutils,,975,fluid.molten.radium,1000
f~miscutils~molten.rhenium,1000,1003,false,fluid/miscutils/molten.rhenium.png,molten.rhenium,Molten Rhenium,0,miscutils,,3455,fluid.molten.rhenium,1000
f~miscutils~molten.rhodium,1000,991,false,fluid/miscutils/molten.rhodium.png,molten.rhodium,Molten Rhodium,0,miscutils,,2240,fluid.molten.rhodium,1000
f~miscutils~molten.rhugnor,1000,1092,false,fluid/miscutils/molten.rhugnor.png,molten.rhugnor,Molten Rhugnor,0,miscutils,,9025,fluid.molten.rhugnor,1000
f~miscutils~molten.runite,1000,1097,false,fluid/miscutils/molten.runite.png,molten.runite,Molten Runite,0,miscutils,,7025,fluid.molten.runite,1000
f~miscutils~molten.ruthenium,1000,989,false,fluid/miscutils/molten.ruthenium.png,molten.ruthenium,Molten Ruthenium,0,miscutils,,2525,fluid.molten.ruthenium,1000
f~miscutils~molten.seleniousacid,1000,1107,false,fluid/miscutils/molten.seleniousacid.png,molten.seleniousacid,Selenious Acid,0,miscutils,,340,fluid.molten.seleniousacid,10000
f~miscutils~molten.selenium,1000,981,false,fluid/miscutils/molten.selenium.png,molten.selenium,Molten Selenium,0,miscutils,,490,fluid.molten.selenium,1000
f~miscutils~molten.seleniumdioxide,1000,1106,false,fluid/miscutils/molten.seleniumdioxide.png,molten.seleniumdioxide,Selenium Dioxide,0,miscutils,,410,fluid.molten.seleniumdioxide,10000
f~miscutils~molten.siliconcarbide,1000,1054,false,fluid/miscutils/molten.siliconcarbide.png,molten.siliconcarbide,Molten Silicon Carbide,0,miscutils,,1685,fluid.molten.siliconcarbide,1000
f~miscutils~molten.sodiumcyanide,1000,1118,false,fluid/miscutils/molten.sodiumcyanide.png,molten.sodiumcyanide,Molten Sodium Cyanide,0,miscutils,,835,fluid.molten.sodiumcyanide,1000
f~miscutils~molten.sodiumfluoride,1000,1140,false,fluid/miscutils/molten.sodiumfluoride.png,molten.sodiumfluoride,Sodium Fluoride,0,miscutils,,485,fluid.molten.sodiumfluoride,10000
f~miscutils~molten.sodiumnitrate,1000,1102,false,fluid/miscutils/molten.sodiumnitrate.png,molten.sodiumnitrate,Molten Sodium Nitrate,0,miscutils,,435,fluid.molten.sodiumnitrate,1000
f~miscutils~molten.solarsaltcold,1000,1103,false,fluid/miscutils/molten.solarsaltcold.png,molten.solarsaltcold,Solar Salt (Cold),0,miscutils,,430,fluid.molten.solarsaltcold,10000
f~miscutils~molten.solarsalthot,1000,1104,false,fluid/miscutils/molten.solarsalthot.png,molten.solarsalthot,Solar Salt (Hot),0,miscutils,,1475,fluid.molten.solarsalthot,10000
f~miscutils~molten.solidacidcatalystmixture,1000,1120,false,fluid/miscutils/molten.solidacidcatalystmixture.png,molten.solidacidcatalystmixture,Solid Acid Catalyst Mixture,0,miscutils,,265,fluid.molten.solidacidcatalystmixture,10000
f~miscutils~molten.staballoy,1000,1030,false,fluid/miscutils/molten.staballoy.png,molten.staballoy,Molten Staballoy,0,miscutils,,3725,fluid.molten.staballoy,1000
f~miscutils~molten.stablemoltensaltbase,1000,1150,false,fluid/miscutils/molten.stablemoltensaltbase.png,molten.stablemoltensaltbase,Stable Molten Salt Base,0,miscutils,,800,fluid.molten.stablemoltensaltbase,10000
f~miscutils~molten.stellite,1000,1044,false,fluid/miscutils/molten.stellite.png,molten.stellite,Molten Stellite,0,miscutils,,4585,fluid.molten.stellite,1000
f~miscutils~molten.strontiumhydroxide,1000,1112,false,fluid/miscutils/molten.strontiumhydroxide.png,molten.strontiumhydroxide,Molten Strontium Hydroxide,0,miscutils,,645,fluid.molten.strontiumhydroxide,1000
f~miscutils~molten.strontiumoxide,1000,1105,false,fluid/miscutils/molten.strontiumoxide.png,molten.strontiumoxide,Molten Strontium Oxide,0,miscutils,,825,fluid.molten.strontiumoxide,1000
f~miscutils~molten.talonite,1000,1045,false,fluid/miscutils/molten.talonite.png,molten.talonite,Molten Talonite,0,miscutils,,3725,fluid.molten.talonite,1000
f~miscutils~molten.tantalloy60,1000,1031,false,fluid/miscutils/molten.tantalloy60.png,molten.tantalloy60,Molten Tantalloy-60,0,miscutils,,3300,fluid.molten.tantalloy60,1000
f~miscutils~molten.tantalloy61,1000,1032,false,fluid/miscutils/molten.tantalloy61.png,molten.tantalloy61,Molten Tantalloy-61,0,miscutils,,3305,fluid.molten.tantalloy61,1000
f~miscutils~molten.tantalumcarbide,1000,1055,false,fluid/miscutils/molten.tantalumcarbide.png,molten.tantalumcarbide,Molten Tantalum Carbide,0,miscutils,,3255,fluid.molten.tantalumcarbide,1000
f~miscutils~molten.technetium,1000,993,false,fluid/miscutils/molten.technetium.png,molten.technetium,Molten Technetium,0,miscutils,,2475,fluid.molten.technetium,1000
f~miscutils~molten.thallium,1000,1005,false,fluid/miscutils/molten.thallium.png,molten.thallium,Molten Thallium,0,miscutils,,575,fluid.molten.thallium,1000
f~miscutils~molten.thorium232,1000,1024,false,fluid/miscutils/molten.thorium232.png,molten.thorium232,Molten Thorium 232,0,miscutils,,2390,fluid.molten.thorium232,1000
f~miscutils~molten.thoriumberylliumdepletedmoltensalttbsalt,1000,1153,false,fluid/miscutils/molten.thoriumberylliumdepletedmoltensalttbsalt.png,molten.thoriumberylliumdepletedmoltensalttbsalt,Thorium-Beryllium Depleted Molten Salt (TB Salt),0,miscutils,,985,fluid.molten.thoriumberylliumdepletedmoltensalttbsalt,10000
f~miscutils~molten.thoriumdepletedmoltensalttsalt,1000,1152,false,fluid/miscutils/molten.thoriumdepletedmoltensalttsalt.png,molten.thoriumdepletedmoltensalttsalt,Thorium Depleted Molten Salt (T Salt),0,miscutils,,940,fluid.molten.thoriumdepletedmoltensalttsalt,10000
f~miscutils~molten.thoriumhexafluoride,1000,1129,false,fluid/miscutils/molten.thoriumhexafluoride.png,molten.thoriumhexafluoride,Thorium Hexafluoride,0,miscutils,,1700,fluid.molten.thoriumhexafluoride,10000
f~miscutils~molten.thoriumtetrafluoride,1000,1128,false,fluid/miscutils/molten.thoriumtetrafluoride.png,molten.thoriumtetrafluoride,Thorium Tetrafluoride,0,miscutils,,1355,fluid.molten.thoriumtetrafluoride,10000
f~miscutils~molten.titansteel,1000,1076,false,fluid/miscutils/molten.titansteel.png,molten.titansteel,Molten Titansteel,0,miscutils,,8525,fluid.molten.titansteel,1000
f~miscutils~molten.trichloroaceticacid,1000,1116,false,fluid/miscutils/molten.trichloroaceticacid.png,molten.trichloroaceticacid,Trichloroacetic Acid,0,miscutils,,330,fluid.molten.trichloroaceticacid,10000
f~miscutils~molten.triniumnaquadahalloy,1000,1065,false,fluid/miscutils/molten.triniumnaquadahalloy.png,molten.triniumnaquadahalloy,Molten Trinium Naquadah Alloy,0,miscutils,,4475,fluid.molten.triniumnaquadahalloy,1000
f~miscutils~molten.triniumnaquadahcarbonite,1000,1066,false,fluid/miscutils/molten.triniumnaquadahcarbonite.png,molten.triniumnaquadahcarbonite,Molten Trinium Naquadah Carbonite,0,miscutils,,6775,fluid.molten.triniumnaquadahcarbonite,1000
f~miscutils~molten.triniumtitaniumalloy,1000,1064,false,fluid/miscutils/molten.triniumtitaniumalloy.png,molten.triniumtitaniumalloy,Molten Trinium Titanium Alloy,0,miscutils,,4025,fluid.molten.triniumtitaniumalloy,1000
f~miscutils~molten.tumbaga,1000,1033,false,fluid/miscutils/molten.tumbaga.png,molten.tumbaga,Molten Tumbaga,0,miscutils,,1575,fluid.molten.tumbaga,1000
f~miscutils~molten.tungstentitaniumcarbide,1000,1053,false,fluid/miscutils/molten.tungstentitaniumcarbide.png,molten.tungstentitaniumcarbide,Molten Tungsten Titanium Carbide,0,miscutils,,4695,fluid.molten.tungstentitaniumcarbide,1000
f~miscutils~molten.uranium232,1000,1020,false,fluid/miscutils/molten.uranium232.png,molten.uranium232,Molten Uranium 232,0,miscutils,,1405,fluid.molten.uranium232,1000
f~miscutils~molten.uranium233,1000,1022,false,fluid/miscutils/molten.uranium233.png,molten.uranium233,Molten Uranium 233,0,miscutils,,1405,fluid.molten.uranium233,1000
f~miscutils~molten.uraniumdepletedmoltensaltusalt,1000,1147,false,fluid/miscutils/molten.uraniumdepletedmoltensaltusalt.png,molten.uraniumdepletedmoltensaltusalt,Uranium Depleted Molten Salt (U Salt),0,miscutils,,1075,fluid.molten.uraniumdepletedmoltensaltusalt,10000
f~miscutils~molten.uraniumhexafluoride,1000,1131,false,fluid/miscutils/molten.uraniumhexafluoride.png,molten.uraniumhexafluoride,Uranium Hexafluoride,0,miscutils,,595,fluid.molten.uraniumhexafluoride,10000
f~miscutils~molten.uraniumtetrafluoride,1000,1130,false,fluid/miscutils/molten.uraniumtetrafluoride.png,molten.uraniumtetrafluoride,Uranium Tetrafluoride,0,miscutils,,865,fluid.molten.uraniumtetrafluoride,10000
f~miscutils~molten.watertightsteel,1000,1043,false,fluid/miscutils/molten.watertightsteel.png,molten.watertightsteel,Molten Watertight Steel,0,miscutils,,2945,fluid.molten.watertightsteel,1000
f~miscutils~molten.wood'sglass,1000,1109,false,fluid/miscutils/molten.wood'sglass.png,molten.wood'sglass,Molten Wood's Glass,0,miscutils,,1615,fluid.molten.wood'sglass,1000
f~miscutils~molten.zeron100,1000,1039,false,fluid/miscutils/molten.zeron100.png,molten.zeron100,Molten Zeron-100,0,miscutils,,6375,fluid.molten.zeron100,1000
f~miscutils~molten.zirconium,1000,987,false,fluid/miscutils/molten.zirconium.png,molten.zirconium,Molten Zirconium,0,miscutils,,2130,fluid.molten.zirconium,1000
f~miscutils~molten.zirconiumcarbide,1000,1056,false,fluid/miscutils/molten.zirconiumcarbide.png,molten.zirconiumcarbide,Molten Zirconium Carbide,0,miscutils,,1830,fluid.molten.zirconiumcarbide,1000
f~miscutils~mud.red.slurry,1000,1159,false,fluid/miscutils/mud.red.slurry.png,mud.red.slurry,Red Mud Slurry,0,miscutils,,207,fluid.mud.red.slurry,1000
f~miscutils~neon,-10000,977,true,fluid/miscutils/neon.png,neon,Neon,15,miscutils,,25,fluid.neon,10
f~miscutils~neptuniumhexafluoride,-10000,1137,true,fluid/miscutils/neptuniumhexafluoride.png,neptuniumhexafluoride,Neptunium Hexafluoride,15,miscutils,,620,fluid.neptuniumhexafluoride,10
f~miscutils~nitrobenzene,1000,1184,false,fluid/miscutils/nitrobenzene.png,nitrobenzene,Nitrobenzene,0,miscutils,,278,fluid.nitrobenzene,1000
f~miscutils~nuclear.waste,1000,1213,false,fluid/miscutils/nuclear.waste.png,nuclear.waste,Nuclear Waste,0,miscutils,,1000,fluid.nuclear.waste,10000
f~miscutils~pineoil,1000,1177,false,fluid/miscutils/pineoil.png,pineoil,Pine Oil,0,miscutils,,207,fluid.pineoil,1000
f~miscutils~plasma.advancednitinol,-10000,1089,true,fluid/miscutils/plasma.advancednitinol.png,plasma.advancednitinol,Advanced Nitinol Plasma,15,miscutils,,10000,fluid.plasma.advancednitinol,10
f~miscutils~plasma.astraltitanium,-10000,1085,true,fluid/miscutils/plasma.astraltitanium.png,plasma.astraltitanium,Astral Titanium Plasma,15,miscutils,,10000,fluid.plasma.astraltitanium,10
f~miscutils~plasma.bromine,-10000,984,true,fluid/miscutils/plasma.bromine.png,plasma.bromine,Bromine Plasma,15,miscutils,,10000,fluid.plasma.bromine,10
f~miscutils~plasma.californium,-10000,1016,true,fluid/miscutils/plasma.californium.png,plasma.californium,Californium Plasma,15,miscutils,,10000,fluid.plasma.californium,10
f~miscutils~plasma.celestialtungsten,-10000,1083,true,fluid/miscutils/plasma.celestialtungsten.png,plasma.celestialtungsten,Celestial Tungsten Plasma,15,miscutils,,10000,fluid.plasma.celestialtungsten,10
f~miscutils~plasma.chromaticglass,-10000,1087,true,fluid/miscutils/plasma.chromaticglass.png,plasma.chromaticglass,Chromatic Glass Plasma,15,miscutils,,10000,fluid.plasma.chromaticglass,10
f~miscutils~plasma.curium,-10000,1014,true,fluid/miscutils/plasma.curium.png,plasma.curium,Curium Plasma,15,miscutils,,10000,fluid.plasma.curium,10
f~miscutils~plasma.dragonblood,-10000,1100,true,fluid/miscutils/plasma.dragonblood.png,plasma.dragonblood,Dragonblood Plasma,15,miscutils,,10000,fluid.plasma.dragonblood,10
f~miscutils~plasma.fermium,-10000,1018,true,fluid/miscutils/plasma.fermium.png,plasma.fermium,Fermium Plasma,15,miscutils,,10000,fluid.plasma.fermium,10
f~miscutils~plasma.force,-10000,1094,true,fluid/miscutils/plasma.force.png,plasma.force,Force Plasma,15,miscutils,,10000,fluid.plasma.force,10
f~miscutils~plasma.germanium,-10000,980,true,fluid/miscutils/plasma.germanium.png,plasma.germanium,Germanium Plasma,15,miscutils,,10000,fluid.plasma.germanium,10
f~miscutils~plasma.hafnium,-10000,1002,true,fluid/miscutils/plasma.hafnium.png,plasma.hafnium,Hafnium Plasma,15,miscutils,,10000,fluid.plasma.hafnium,10
f~miscutils~plasma.hypogen,-10000,1091,true,fluid/miscutils/plasma.hypogen.png,plasma.hypogen,Hypogen Plasma,15,miscutils,,10000,fluid.plasma.hypogen,10
f~miscutils~plasma.iodine,-10000,998,true,fluid/miscutils/plasma.iodine.png,plasma.iodine,Iodine Plasma,15,miscutils,,10000,fluid.plasma.iodine,10
f~miscutils~plasma.krypton,-10000,986,true,fluid/miscutils/plasma.krypton.png,plasma.krypton,Krypton Plasma,15,miscutils,,10000,fluid.plasma.krypton,10
f~miscutils~plasma.neon,-10000,978,true,fluid/miscutils/plasma.neon.png,plasma.neon,Neon Plasma,15,miscutils,,10000,fluid.plasma.neon,10
f~miscutils~plasma.neptunium,-10000,996,true,fluid/miscutils/plasma.neptunium.png,plasma.neptunium,Neptunium Plasma,15,miscutils,,10000,fluid.plasma.neptunium,10
f~miscutils~plasma.plutonium238,-10000,1027,true,fluid/miscutils/plasma.plutonium238.png,plasma.plutonium238,Plutonium-238 Plasma,15,miscutils,,10000,fluid.plasma.plutonium238,10
f~miscutils~plasma.polonium,-10000,1008,true,fluid/miscutils/plasma.polonium.png,plasma.polonium,Polonium Plasma,15,miscutils,,10000,fluid.plasma.polonium,10
f~miscutils~plasma.protactinium,-10000,1012,true,fluid/miscutils/plasma.protactinium.png,plasma.protactinium,Protactinium Plasma,15,miscutils,,10000,fluid.plasma.protactinium,10
f~miscutils~plasma.radium,-10000,1010,true,fluid/miscutils/plasma.radium.png,plasma.radium,Radium Plasma,15,miscutils,,10000,fluid.plasma.radium,10
f~miscutils~plasma.rhenium,-10000,1004,true,fluid/miscutils/plasma.rhenium.png,plasma.rhenium,Rhenium Plasma,15,miscutils,,10000,fluid.plasma.rhenium,10
f~miscutils~plasma.rhodium,-10000,992,true,fluid/miscutils/plasma.rhodium.png,plasma.rhodium,Rhodium Plasma,15,miscutils,,10000,fluid.plasma.rhodium,10
f~miscutils~plasma.rhugnor,-10000,1093,true,fluid/miscutils/plasma.rhugnor.png,plasma.rhugnor,Rhugnor Plasma,15,miscutils,,10000,fluid.plasma.rhugnor,10
f~miscutils~plasma.runite,-10000,1098,true,fluid/miscutils/plasma.runite.png,plasma.runite,Runite Plasma,15,miscutils,,10000,fluid.plasma.runite,10
f~miscutils~plasma.ruthenium,-10000,990,true,fluid/miscutils/plasma.ruthenium.png,plasma.ruthenium,Ruthenium Plasma,15,miscutils,,10000,fluid.plasma.ruthenium,10
f~miscutils~plasma.selenium,-10000,982,true,fluid/miscutils/plasma.selenium.png,plasma.selenium,Selenium Plasma,15,miscutils,,10000,fluid.plasma.selenium,10
f~miscutils~plasma.technetium,-10000,994,true,fluid/miscutils/plasma.technetium.png,plasma.technetium,Technetium Plasma,15,miscutils,,10000,fluid.plasma.technetium,10
f~miscutils~plasma.thallium,-10000,1006,true,fluid/miscutils/plasma.thallium.png,plasma.thallium,Thallium Plasma,15,miscutils,,10000,fluid.plasma.thallium,10
f~miscutils~plasma.thorium232,-10000,1025,true,fluid/miscutils/plasma.thorium232.png,plasma.thorium232,Thorium 232 Plasma,15,miscutils,,10000,fluid.plasma.thorium232,10
f~miscutils~plasma.uranium232,-10000,1021,true,fluid/miscutils/plasma.uranium232.png,plasma.uranium232,Uranium 232 Plasma,15,miscutils,,10000,fluid.plasma.uranium232,10
f~miscutils~plasma.uranium233,-10000,1023,true,fluid/miscutils/plasma.uranium233.png,plasma.uranium233,Uranium 233 Plasma,15,miscutils,,10000,fluid.plasma.uranium233,10
f~miscutils~plasma.xenon,-10000,1000,true,fluid/miscutils/plasma.xenon.png,plasma.xenon,Xenon Plasma,15,miscutils,,10000,fluid.plasma.xenon,10
f~miscutils~plasma.zirconium,-10000,988,true,fluid/miscutils/plasma.zirconium.png,plasma.zirconium,Zirconium Plasma,15,miscutils,,10000,fluid.plasma.zirconium,10
f~miscutils~polyurethane,1000,1187,false,fluid/miscutils/polyurethane.png,polyurethane,Polyurethane,0,miscutils,,350,fluid.polyurethane,1000
f~miscutils~propionicacid,1000,1160,false,fluid/miscutils/propionicacid.png,propionicacid,Propionic Acid,0,miscutils,,200,fluid.propionicacid,1000
f~miscutils~putrescine,1000,1191,false,fluid/miscutils/putrescine.png,putrescine,Putrescine,0,miscutils,,207,fluid.putrescine,1000
f~miscutils~pyrotheum,1000,1216,false,fluid/miscutils/pyrotheum.png,pyrotheum,Blazing Pyrotheum,0,miscutils,,4000,fluid.pyrotheum,1000
f~miscutils~seleniumhexafluoride,-10000,1139,true,fluid/miscutils/seleniumhexafluoride.png,seleniumhexafluoride,Selenium Hexafluoride,15,miscutils,,410,fluid.seleniumhexafluoride,10
f~miscutils~sulfuricapatite,1000,1219,false,fluid/miscutils/sulfuricapatite.png,sulfuricapatite,Sulfuric Apatite Mix,0,miscutils,,500,fluid.sulfuricapatite,1000
f~miscutils~sulfuriclithium,1000,1221,false,fluid/miscutils/sulfuriclithium.png,sulfuriclithium,Sulfuric Lithium Mix,0,miscutils,,280,fluid.sulfuriclithium,1000
f~miscutils~sulfurousacid,1000,1218,false,fluid/miscutils/sulfurousacid.png,sulfurousacid,Sulfurous Acid,0,miscutils,,75,fluid.sulfurousacid,1000
f~miscutils~technetiumhexafluoride,-10000,1138,true,fluid/miscutils/technetiumhexafluoride.png,technetiumhexafluoride,Technetium Hexafluoride,15,miscutils,,1400,fluid.technetiumhexafluoride,10
f~miscutils~ureamix,1000,1162,false,fluid/miscutils/ureamix.png,ureamix,Urea Mix,0,miscutils,,200,fluid.ureamix,1000
f~miscutils~xenon,-10000,999,true,fluid/miscutils/xenon.png,xenon,Xenon,15,miscutils,,160,fluid.xenon,10
f~miscutils~zirconiumtetrafluoride,1000,1157,false,fluid/miscutils/zirconiumtetrafluoride.png,zirconiumtetrafluoride,Zirconium Tetrafluoride,0,miscutils,,500,fluid.zirconiumtetrafluoride,1000
f~tinkersdefense~moltenaeonsteel,3000,1242,false,fluid/tinkersdefense/moltenaeonsteel.png,moltenaeonsteel,Molten Aeon Steel,15,tinkersdefense,,1300,fluid.moltenAeonsteel,6000
f~tinkersdefense~moltendogbearium,3000,1244,false,fluid/tinkersdefense/moltendogbearium.png,moltendogbearium,Molten Dogbearium,15,tinkersdefense,,1300,fluid.moltenDogbearium,6000
f~tinkersdefense~moltenqueensgold,3000,1243,false,fluid/tinkersdefense/moltenqueensgold.png,moltenqueensgold,Molten Queen's Gold,15,tinkersdefense,,1300,fluid.moltenQueensGold,6000
f~witchery~witcherybrew,100,100,false,fluid/witchery/witcherybrew.png,witchery:brew,Brew,0,witchery,,300,fluid.witchery:brew,1500
f~witchery~witcherybrewgas,1000,101,true,fluid/witchery/witcherybrewgas.png,witchery:brewgas,Brew Gas,0,witchery,,300,fluid.witchery:brewgas,1000
f~witchery~witcherybrewliquid,1000,102,false,fluid/witchery/witcherybrewliquid.png,witchery:brewliquid,Brew Liquid,0,witchery,,300,fluid.witchery:brewliquid,1000
f~witchery~witcheryfluiddisease,50,103,false,fluid/witchery/witcheryfluiddisease.png,witchery:fluiddisease,Fluid Disease,0,witchery,,300,fluid.witchery:fluiddisease,3000
f~witchery~witcheryfluidspirit,500,98,false,fluid/witchery/witcheryfluidspirit.png,witchery:fluidspirit,Fluid Spirit,0,witchery,,300,fluid.witchery:fluidspirit,2000
f~witchery~witcheryhollowtears,100,99,false,fluid/witchery/witcheryhollowtears.png,witchery:hollowtears,Hollow Tears,0,witchery,,300,fluid.witchery:hollowtears,1500
